<?xml version="1.0" encoding="windows-1252" ?>
<adfc-config xmlns="http://xmlns.oracle.com/adf/controller" version="1.2">
  <task-flow-definition id="InventoryControlTF">
    <default-activity>InventoryControl</default-activity>
    <data-control-scope>
      <isolated/>
    </data-control-scope>
    <managed-bean id="__1">
      <managed-bean-name>InventoryControl</managed-bean-name>
      <managed-bean-class>oracle.summit.backing.InventoryControl</managed-bean-class>
      <managed-bean-scope>request</managed-bean-scope>
    </managed-bean>
    <view id="InventoryControl">
      <page>/carousel/InventoryControl.jsff</page>
    </view>
    <use-page-fragments/>
  </task-flow-definition>
</adfc-config>
