<?xml version="1.0" encoding="windows-1252" ?>
<!DOCTYPE Entity SYSTEM "jbo_03_01.dtd">
<!---->
<Entity
  xmlns="http://xmlns.oracle.com/bc4j"
  Name="Orders"
  Version="12.1.2.63.48"
  InheritPersonalization="true"
  DBObjectType="table"
  DBObjectName="S_ORD"
  AliasName="Orders"
  BindingStyle="OracleName"
  RowClass="oracle.summit.model.appmodule.OrdersImpl">
  <DesignTime>
    <Attr Name="_codeGenFlag2" Value="Access"/>
    <Attr Name="_isCodegen" Value="true"/>
  </DesignTime>
  <Attribute
    Name="Id"
    IsNotNull="true"
    Precision="7"
    Scale="0"
    ColumnName="ID"
    SQLType="NUMERIC"
    Type="oracle.jbo.domain.DBSequence"
    ColumnType="NUMBER"
    TableName="S_ORD"
    PrimaryKey="true"/>
  <Attribute
    Name="CustomerId"
    IsNotNull="true"
    Precision="7"
    Scale="0"
    ColumnName="CUSTOMER_ID"
    SQLType="NUMERIC"
    Type="java.lang.Integer"
    ColumnType="NUMBER"
    TableName="S_ORD"/>
  <Attribute
    Name="DateOrdered"
    ColumnName="DATE_ORDERED"
    SQLType="DATE"
    Type="java.sql.Date"
    ColumnType="DATE"
    TableName="S_ORD"/>
  <Attribute
    Name="DateShipped"
    ColumnName="DATE_SHIPPED"
    SQLType="DATE"
    Type="java.sql.Date"
    ColumnType="DATE"
    TableName="S_ORD"/>
  <Attribute
    Name="SalesRepId"
    Precision="7"
    Scale="0"
    ColumnName="SALES_REP_ID"
    SQLType="NUMERIC"
    Type="java.lang.Integer"
    ColumnType="NUMBER"
    TableName="S_ORD"/>
  <Attribute
    Name="Total"
    Precision="11"
    Scale="2"
    ColumnName="TOTAL"
    SQLType="NUMERIC"
    Type="java.math.BigDecimal"
    ColumnType="NUMBER"
    TableName="S_ORD"/>
  <Attribute
    Name="PaymentTypeId"
    Precision="7"
    Scale="0"
    ColumnName="PAYMENT_TYPE_ID"
    SQLType="NUMERIC"
    Type="java.lang.Integer"
    ColumnType="NUMBER"
    TableName="S_ORD"/>
  <Attribute
    Name="OrderFilled"
    Precision="1"
    ColumnName="ORDER_FILLED"
    SQLType="VARCHAR"
    Type="java.lang.String"
    ColumnType="VARCHAR2"
    TableName="S_ORD">
    <DesignTime>
      <Attr Name="_DisplaySize" Value="1"/>
    </DesignTime>
  </Attribute>
  <AccessorAttribute
    Name="Item"
    Association="oracle.summit.model.appmodule.SItemOrdIdFkAssoc"
    AssociationEnd="oracle.summit.model.appmodule.SItemOrdIdFkAssoc.Item"
    AssociationOtherEnd="oracle.summit.model.appmodule.SItemOrdIdFkAssoc.Orders"
    Type="oracle.jbo.RowIterator"
    IsUpdateable="false"/>
  <AccessorAttribute
    Name="Customer"
    Association="oracle.summit.model.appmodule.SOrdCustomerIdFkAssoc"
    AssociationEnd="oracle.summit.model.appmodule.SOrdCustomerIdFkAssoc.Customer"
    AssociationOtherEnd="oracle.summit.model.appmodule.SOrdCustomerIdFkAssoc.Orders"
    Type="oracle.summit.base.SummitEntityImpl"
    IsUpdateable="true"/>
  <Key
    Name="SOrdCustomerIdNn">
    <DesignTime>
      <Attr Name="_DBObjectName" Value="S_ORD_CUSTOMER_ID_NN"/>
      <Attr Name="_checkCondition" Value="CUSTOMER_ID IS NOT NULL"/>
      <Attr Name="_isCheck" Value="true"/>
    </DesignTime>
    <AttrArray Name="Attributes"/>
  </Key>
  <Key
    Name="SOrdIdNn">
    <DesignTime>
      <Attr Name="_DBObjectName" Value="S_ORD_ID_NN"/>
      <Attr Name="_checkCondition" Value="ID IS NOT NULL"/>
      <Attr Name="_isCheck" Value="true"/>
    </DesignTime>
    <AttrArray Name="Attributes"/>
  </Key>
  <Key
    Name="SOrdIdPk"
    PrimaryKey="true">
    <DesignTime>
      <Attr Name="_DBObjectName" Value="S_ORD_ID_PK"/>
    </DesignTime>
    <AttrArray Name="Attributes"/>
  </Key>
  <Key
    Name="SOrdOrderFilledCk">
    <DesignTime>
      <Attr Name="_DBObjectName" Value="S_ORD_ORDER_FILLED_CK"/>
      <Attr Name="_checkCondition" Value="ORDER_FILLED IN ('Y', 'N')"/>
      <Attr Name="_isCheck" Value="true"/>
    </DesignTime>
    <AttrArray Name="Attributes"/>
  </Key>
  <Key
    Name="SOrdCustomerIdFk">
    <DesignTime>
      <Attr Name="_referencedKey" Value="S_CUSTOMER_ID_PK"/>
      <Attr Name="_isForeign" Value="true"/>
      <Attr Name="_DBObjectName" Value="S_ORD_CUSTOMER_ID_FK"/>
    </DesignTime>
    <AttrArray Name="Attributes"/>
  </Key>
  <Key
    Name="SOrdPaymentTypeFk">
    <DesignTime>
      <Attr Name="_referencedKey" Value="S_PAYMENT_TYPE_PK"/>
      <Attr Name="_isForeign" Value="true"/>
      <Attr Name="_DBObjectName" Value="S_ORD_PAYMENT_TYPE_FK"/>
    </DesignTime>
    <AttrArray Name="Attributes"/>
  </Key>
  <Key
    Name="SOrdSalesRepIdFk">
    <DesignTime>
      <Attr Name="_referencedKey" Value="S_EMP_ID_PK"/>
      <Attr Name="_isForeign" Value="true"/>
      <Attr Name="_DBObjectName" Value="S_ORD_SALES_REP_ID_FK"/>
    </DesignTime>
    <AttrArray Name="Attributes"/>
  </Key>
</Entity>
