<?xml version="1.0" encoding="windows-1252" ?>
<!DOCTYPE ViewLink SYSTEM "jbo_03_01.dtd">
<!---->
<ViewLink
  xmlns="http://xmlns.oracle.com/bc4j"
  Name="SItemOrdIdFkLink"
  Version="12.1.2.63.48"
  InheritPersonalization="true"
  EntityAssociation="oracle.summit.model.appmodule.SItemOrdIdFkAssoc">
  <ViewLinkDefEnd
    Name="OrderView"
    Cardinality="1"
    Source="true"
    Owner="oracle.summit.model.appmodule.OrdersView">
    <DesignTime>
      <Attr Name="_finderName" Value="OrderView"/>
      <Attr Name="_isUpdateable" Value="true"/>
      <Attr Name="_minCardinality" Value="1"/>
    </DesignTime>
    <AttrArray Name="Attributes">
      <Item Value="oracle.summit.model.appmodule.OrdersView.Id"/>
    </AttrArray>
  </ViewLinkDefEnd>
  <ViewLinkDefEnd
    Name="ItemView"
    Cardinality="-1"
    Owner="oracle.summit.model.appmodule.ItemView">
    <DesignTime>
      <Attr Name="_finderName" Value="ItemView"/>
      <Attr Name="_isUpdateable" Value="true"/>
    </DesignTime>
    <AttrArray Name="Attributes">
      <Item Value="oracle.summit.model.appmodule.ItemView.OrdId"/>
    </AttrArray>
  </ViewLinkDefEnd>
</ViewLink>
