<?xml version="1.0" encoding="windows-1252" ?>
<!DOCTYPE Association SYSTEM "jbo_03_01.dtd">
<!---->
<Association
  xmlns="http://xmlns.oracle.com/bc4j"
  Name="SOrdCustomerIdFkAssoc"
  Version="12.1.2.63.48"
  InheritPersonalization="true">
  <DesignTime>
    <Attr Name="_isCodegen" Value="true"/>
  </DesignTime>
  <AssociationEnd
    Name="Customer"
    Cardinality="1"
    Source="true"
    Owner="oracle.summit.model.appmodule.Customer">
    <DesignTime>
      <Attr Name="_aggregation" Value="0"/>
      <Attr Name="_finderName" Value="Customer"/>
      <Attr Name="_foreignKey" Value="oracle.summit.model.appmodule.Customer.SCustomerIdPk"/>
      <Attr Name="_isUpdateable" Value="true"/>
      <Attr Name="_minCardinality" Value="1"/>
    </DesignTime>
    <AttrArray Name="Attributes">
      <Item Value="oracle.summit.model.appmodule.Customer.Id"/>
    </AttrArray>
  </AssociationEnd>
  <AssociationEnd
    Name="Orders"
    Cardinality="-1"
    Owner="oracle.summit.model.appmodule.Orders">
    <DesignTime>
      <Attr Name="_aggregation" Value="0"/>
      <Attr Name="_finderName" Value="Order"/>
      <Attr Name="_foreignKey" Value="oracle.summit.model.appmodule.Orders.SOrdCustomerIdFk"/>
      <Attr Name="_isUpdateable" Value="true"/>
    </DesignTime>
    <AttrArray Name="Attributes">
      <Item Value="oracle.summit.model.appmodule.Orders.CustomerId"/>
    </AttrArray>
  </AssociationEnd>
</Association>
