<?xml version="1.0" encoding="windows-1252" ?>
<!DOCTYPE ViewObject SYSTEM "jbo_03_01.dtd">
<!---->
<ViewObject
  xmlns="http://xmlns.oracle.com/bc4j"
  Name="Countries"
  Version="11.1.1.63.3"
  InheritPersonalization="true"
  BindingStyle="OracleName"
  CustomQuery="true"
  PageIterMode="Full"
  UseGlueCode="false">
  <DesignTime>
    <Attr Name="_isExpertMode" Value="true"/>
  </DesignTime>
  <Properties>
    <SchemaBasedProperties>
      <LABEL
        ResId="oracle.summitdi.model.queries.readonly.Countries_LABEL"/>
    </SchemaBasedProperties>
  </Properties>
  <Variable
    Name="regID_var"
    Kind="viewcriteria"
    Type="java.lang.String"/>
  <SQLQuery><![CDATA[SELECT  
    S_COUNTRIES.ID ID,  
    S_COUNTRIES.COUNTRY COUNTRY,  
    S_COUNTRIES.REGION_ID REGION_ID  
FROM  
    S_COUNTRIES]]></SQLQuery>
  <ViewAttribute
    Name="Id"
    IsUpdateable="false"
    IsPersistent="false"
    PrecisionRule="true"
    Type="java.lang.Integer"
    ColumnType="INTEGER"
    AliasName="ID"
    Expression="ID"
    SQLType="INTEGER"/>
  <ViewAttribute
    Name="Country"
    IsUpdateable="false"
    IsPersistent="false"
    PrecisionRule="true"
    Precision="50"
    Type="java.lang.String"
    ColumnType="VARCHAR2"
    AliasName="COUNTRY"
    Expression="COUNTRY"
    SQLType="VARCHAR">
    <DesignTime>
      <Attr Name="_DisplaySize" Value="50"/>
    </DesignTime>
  </ViewAttribute>
  <ViewAttribute
    Name="RegionId"
    IsUpdateable="false"
    IsPersistent="false"
    PrecisionRule="true"
    Precision="7"
    Scale="0"
    Type="java.lang.Integer"
    ColumnType="NUMBER"
    AliasName="REGION_ID"
    Expression="REGION_ID"
    SQLType="INTEGER"/>
  <ViewCriteria
    Name="CountriesByRegion"
    ViewObjectName="oracle.summitdi.model.queries.readonly.Countries"
    Conjunction="AND">
    <Properties>
      <CustomProperties>
        <Property
          Name="displayOperators"
          Value="InAdvancedMode"/>
        <Property
          Name="autoExecute"
          Value="false"/>
        <Property
          Name="allowConjunctionOverride"
          Value="true"/>
        <Property
          Name="showInList"
          Value="true"/>
        <Property
          Name="mode"
          Value="Basic"/>
      </CustomProperties>
    </Properties>
    <ViewCriteriaRow
      Name="CountriesCriteria_row_0"
      UpperColumns="1">
      <ViewCriteriaItem
        Name="RegionId"
        ViewAttribute="RegionId"
        Operator="="
        Conjunction="AND"
        Value=":regID_var"
        IsBindVarValue="true"
        Required="Optional"
        GenerateIsNullClauseForBindVars="false"/>
    </ViewCriteriaRow>
  </ViewCriteria>
  <AttrArray Name="KeyAttributes">
    <Item Value="Id"/>
  </AttrArray>
  <ResourceBundle>
    <PropertiesBundle
      PropertiesFile="oracle.summitdi.model.resources.ModelBundle"/>
  </ResourceBundle>
</ViewObject>
