<?xml version="1.0" encoding="windows-1252" ?>
<!DOCTYPE ViewObject SYSTEM "jbo_03_01.dtd">
<!---->
<ViewObject
  xmlns="http://xmlns.oracle.com/bc4j"
  Name="CustomersSearchView"
  Version="12.2.1.22.31"
  InheritPersonalization="merge"
  SelectListFlags="1"
  FromListFlags="1"
  WhereFlags="1"
  BindingStyle="OracleName"
  CustomQuery="false"
  SelectAllAttributes="false"
  PageIterMode="Full"
  ComponentClass="oracle.summitdi.model.queries.readonly.CustomersSearchViewImpl"
  ComponentInterface="oracle.summitdi.model.queries.readonly.common.CustomersSearchView"
  ClientProxyName="oracle.summitdi.model.queries.client.CustomersSearchViewClient">
  <DesignTime>
    <Attr Name="_codeGenFlag2" Value="Coll|VarAccess"/>
  </DesignTime>
  <Properties>
    <SchemaBasedProperties>
      <LABEL
        ResId="oracle.summitdi.model.queries.readonly.CustomersSearchView_LABEL"/>
    </SchemaBasedProperties>
  </Properties>
  <Variable
    Name="country_var"
    Kind="viewcriteria"
    Type="java.lang.String">
    <Properties>
      <SchemaBasedProperties>
        <LABEL
          ResId="oracle.summitdi.model.queries.CustomersSearchView.country_var_LABEL"/>
      </SchemaBasedProperties>
    </Properties>
  </Variable>
  <EntityUsage
    Name="Customers"
    Entity="oracle.summitdi.model.entities.Customers"
    ReadOnly="true"
    DeleteParticipant="false"/>
  <EntityUsage
    Name="Countries"
    Entity="oracle.summitdi.model.entities.Countries"
    Association="oracle.summitdi.model.entities.associations.CustomerCountriesAssoc"
    AssociationEnd="oracle.summitdi.model.entities.associations.CustomerCountriesAssoc.Countries"
    SourceUsage="oracle.summitdi.model.queries.readonly.CustomersSearchView.Customers"
    ReadOnly="true"
    Reference="true"
    DeleteParticipant="false"
    JoinType="LEFT OUTER JOIN">
    <DesignTime>
      <AttrArray Name="_srcAttributes">
        <Item Value="oracle.summitdi.model.entities.Customers.CountryId"/>
      </AttrArray>
      <AttrArray Name="_dstAttributes">
        <Item Value="oracle.summitdi.model.entities.Countries.Id"/>
      </AttrArray>
    </DesignTime>
  </EntityUsage>
  <EntityUsage
    Name="Employees"
    Entity="oracle.summitdi.model.entities.Employees"
    Association="oracle.summitdi.model.entities.associations.SalesRepIdFkAssoc"
    AssociationEnd="oracle.summitdi.model.entities.associations.SalesRepIdFkAssoc.Employees"
    SourceUsage="oracle.summitdi.model.queries.readonly.CustomersSearchView.Customers"
    ReadOnly="true"
    Reference="true"
    DeleteParticipant="false"
    JoinType="LEFT OUTER JOIN">
    <DesignTime>
      <AttrArray Name="_srcAttributes">
        <Item Value="oracle.summitdi.model.entities.Customers.SalesRepId"/>
      </AttrArray>
      <AttrArray Name="_dstAttributes">
        <Item Value="oracle.summitdi.model.entities.Employees.Id"/>
      </AttrArray>
    </DesignTime>
  </EntityUsage>
  <EntityUsage
    Name="Regions"
    Entity="oracle.summitdi.model.entities.Regions"
    Association="oracle.summitdi.model.entities.associations.CountriesFkAssoc"
    AssociationEnd="oracle.summitdi.model.entities.associations.CountriesFkAssoc.Regions"
    SourceUsage="oracle.summitdi.model.queries.readonly.CustomersSearchView.Countries"
    ReadOnly="true"
    Reference="true"
    DeleteParticipant="false"
    JoinType="LEFT OUTER JOIN">
    <DesignTime>
      <AttrArray Name="_srcAttributes">
        <Item Value="oracle.summitdi.model.entities.Countries.RegionId"/>
      </AttrArray>
      <AttrArray Name="_dstAttributes">
        <Item Value="oracle.summitdi.model.entities.Regions.Id"/>
      </AttrArray>
    </DesignTime>
  </EntityUsage>
  <EntityUsage
    Name="CreditRating"
    Entity="oracle.summitdi.model.entities.CreditRating"
    Association="oracle.summitdi.model.entities.associations.CustomerCreditRatingAssoc"
    AssociationEnd="oracle.summitdi.model.entities.associations.CustomerCreditRatingAssoc.CreditRating"
    SourceUsage="oracle.summitdi.model.queries.readonly.CustomersSearchView.Customers"
    ReadOnly="true"
    Reference="true"
    DeleteParticipant="false"
    JoinType="LEFT OUTER JOIN">
    <DesignTime>
      <AttrArray Name="_srcAttributes">
        <Item Value="oracle.summitdi.model.entities.Customers.CreditRatingId"/>
      </AttrArray>
      <AttrArray Name="_dstAttributes">
        <Item Value="oracle.summitdi.model.entities.CreditRating.Id"/>
      </AttrArray>
    </DesignTime>
  </EntityUsage>
  <ViewAttribute
    Name="Address"
    IsUpdateable="false"
    PrecisionRule="true"
    EntityAttrName="Address"
    EntityUsage="Customers"
    AliasName="ADDRESS"/>
  <ViewAttribute
    Name="City"
    PrecisionRule="true"
    EntityAttrName="City"
    EntityUsage="Customers"
    AliasName="CITY"/>
  <ViewAttribute
    Name="Comments"
    PrecisionRule="true"
    EntityAttrName="Comments"
    EntityUsage="Customers"
    AliasName="COMMENTS"/>
  <ViewAttribute
    Name="CountryId"
    PrecisionRule="true"
    EntityAttrName="CountryId"
    EntityUsage="Customers"
    AliasName="COUNTRY_ID"/>
  <ViewAttribute
    Name="CreditRatingId"
    PrecisionRule="true"
    EntityAttrName="CreditRatingId"
    EntityUsage="Customers"
    AliasName="CREDIT_RATING_ID"/>
  <ViewAttribute
    Name="Id"
    IsUpdateable="while_insert"
    IsNotNull="true"
    PrecisionRule="true"
    EntityAttrName="Id"
    EntityUsage="Customers"
    AliasName="ID"/>
  <ViewAttribute
    Name="Name"
    IsNotNull="true"
    PrecisionRule="true"
    EntityAttrName="Name"
    EntityUsage="Customers"
    AliasName="NAME"/>
  <ViewAttribute
    Name="Phone"
    PrecisionRule="true"
    EntityAttrName="Phone"
    EntityUsage="Customers"
    AliasName="PHONE"/>
  <ViewAttribute
    Name="SalesRepId"
    PrecisionRule="true"
    EntityAttrName="SalesRepId"
    EntityUsage="Customers"
    AliasName="SALES_REP_ID"/>
  <ViewAttribute
    Name="State"
    PrecisionRule="true"
    EntityAttrName="State"
    EntityUsage="Customers"
    AliasName="STATE"/>
  <ViewAttribute
    Name="ZipCode"
    PrecisionRule="true"
    EntityAttrName="ZipCode"
    EntityUsage="Customers"
    AliasName="ZIP_CODE"/>
  <ViewAttribute
    Name="Country"
    IsUnique="true"
    PrecisionRule="true"
    EntityAttrName="Country"
    EntityUsage="Countries"
    AliasName="COUNTRY"/>
  <ViewAttribute
    Name="Id1"
    IsNotNull="true"
    PrecisionRule="true"
    EntityAttrName="Id"
    EntityUsage="Countries"
    AliasName="ID1"/>
  <ViewAttribute
    Name="RegionId"
    PrecisionRule="true"
    EntityAttrName="RegionId"
    EntityUsage="Countries"
    AliasName="REGION_ID"/>
  <ViewAttribute
    Name="SalesRepId1"
    IsNotNull="true"
    PrecisionRule="true"
    EntityAttrName="Id"
    EntityUsage="Employees"
    AliasName="SALES_REP_ID1"/>
  <ViewAttribute
    Name="SalesRep"
    IsNotNull="true"
    PrecisionRule="true"
    EntityAttrName="LastName"
    EntityUsage="Employees"
    AliasName="LAST_NAME">
    <Properties>
      <SchemaBasedProperties>
        <LABEL
          ResId="oracle.summitdi.model.queries.readonly.CustomersSearchView.SalesRep_LABEL"/>
      </SchemaBasedProperties>
    </Properties>
  </ViewAttribute>
  <ViewAttribute
    Name="RegionId1"
    IsNotNull="true"
    PrecisionRule="true"
    EntityAttrName="Id"
    EntityUsage="Regions"
    AliasName="REGION_ID1"/>
  <ViewAttribute
    Name="RegionName"
    IsUnique="true"
    IsNotNull="true"
    PrecisionRule="true"
    EntityAttrName="Name"
    EntityUsage="Regions"
    AliasName="REGION_NAME">
    <Properties>
      <SchemaBasedProperties>
        <LABEL
          ResId="oracle.summitdi.model.queries.readonly.CustomersSearchView.RegionName_LABEL"/>
      </SchemaBasedProperties>
    </Properties>
  </ViewAttribute>
  <ViewAttribute
    Name="CreditRating1"
    IsUnique="true"
    IsNotNull="true"
    PrecisionRule="true"
    EntityAttrName="CreditRating"
    EntityUsage="CreditRating"
    AliasName="CREDIT_RATING1">
    <Properties>
      <SchemaBasedProperties>
        <LABEL
          ResId="oracle.summitdi.model.queries.readonly.CustomersSearchView.CreditRating1_LABEL"/>
      </SchemaBasedProperties>
    </Properties>
  </ViewAttribute>
  <ViewAttribute
    Name="CreditRatingId1"
    IsNotNull="true"
    PrecisionRule="true"
    EntityAttrName="Id"
    EntityUsage="CreditRating"
    AliasName="CREDIT_RATING_ID1"/>
  <ViewCriteria
    Name="CustomersByCountry"
    ViewObjectName="oracle.summitdi.model.queries.readonly.CustomersSearchView"
    Conjunction="AND">
    <Properties Name="_Props">
      <CustomProperties>
        <Property
          Name="displayOperators"
          Value="InAdvancedMode"/>
        <Property
          Name="autoExecute"
          Value="false"/>
        <Property
          Name="allowConjunctionOverride"
          Value="true"/>
        <Property
          Name="showInList"
          Value="true"/>
        <Property
          Name="mode"
          Value="Basic"/>
      </CustomProperties>
    </Properties>
    <ViewCriteriaRow
      Name="CustomersByCountry_row_0"
      UpperColumns="1">
      <ViewCriteriaItem
        Name="Country"
        ViewAttribute="Country"
        Operator="CONTAINS"
        Conjunction="AND"
        Value=":country_var"
        IsBindVarValue="true"
        Required="Optional"/>
    </ViewCriteriaRow>
  </ViewCriteria>
  <AttrArray Name="KeyAttributes">
    <Item Value="Id"/>
  </AttrArray>
  <ClientInterface
    Name="__clientInterface">
    <Method
      Name="executeCountriesQuery"
      MethodName="executeCountriesQuery">
      <Return
        Name="_return_type_"
        Type="void"/>
      <Parameter
        Name="searchTerm"
        Type="java.lang.String"/>
    </Method>
    <Method
      Name="resetQueryValues"
      MethodName="resetQueryValues">
      <Return
        Name="_return_type_"
        Type="void"/>
    </Method>
  </ClientInterface>
  <ResourceBundle>
    <PropertiesBundle
      PropertiesFile="oracle.summitdi.model.resources.ModelBundle"/>
  </ResourceBundle>
</ViewObject>
