<?xml version="1.0" encoding="windows-1252" ?>
<!DOCTYPE ViewObject SYSTEM "jbo_03_01.dtd">
<!---->
<ViewObject
  xmlns="http://xmlns.oracle.com/bc4j"
  Name="SalesReps"
  Version="12.2.1.18.31"
  InheritPersonalization="true"
  BindingStyle="OracleName"
  CustomQuery="false"
  PageIterMode="Full"
  SelectList="Employees.ID, 
       Employees.LAST_NAME, 
       Employees.FIRST_NAME, 
       Employees.USERID"
  FromList="S_EMP Employees">
  <Variable
    Name="BindId"
    Kind="viewcriteria"
    Type="java.lang.Integer"/>
  <Variable
    Name="BindFirstName"
    Kind="viewcriteria"
    Type="java.lang.String"/>
  <Variable
    Name="BindLastName"
    Kind="viewcriteria"
    Type="java.lang.String"/>
  <Variable
    Name="BindUserId"
    Kind="viewcriteria"
    Type="java.lang.String"/>
  <EntityUsage
    Name="Employees"
    Entity="oracle.summitdi.model.entities.Employees"
    ReadOnly="true"
    DeleteParticipant="false"/>
  <ViewAttribute
    Name="Id"
    IsNotNull="true"
    PrecisionRule="true"
    EntityAttrName="Id"
    EntityUsage="Employees"
    AliasName="ID"/>
  <ViewAttribute
    Name="LastName"
    IsNotNull="true"
    PrecisionRule="true"
    EntityAttrName="LastName"
    EntityUsage="Employees"
    AliasName="LAST_NAME">
    <Properties>
      <SchemaBasedProperties>
        <DISPLAYWIDTH
          Value="15"/>
        <LABEL
          ResId="oracle.summitdi.model.queries.readonly.SalesReps.LastName_LABEL"/>
      </SchemaBasedProperties>
    </Properties>
  </ViewAttribute>
  <ViewAttribute
    Name="FirstName"
    PrecisionRule="true"
    EntityAttrName="FirstName"
    EntityUsage="Employees"
    AliasName="FIRST_NAME">
    <Properties>
      <SchemaBasedProperties>
        <DISPLAYWIDTH
          Value="15"/>
        <LABEL
          ResId="oracle.summitdi.model.queries.readonly.SalesReps.FirstName_LABEL"/>
      </SchemaBasedProperties>
    </Properties>
  </ViewAttribute>
  <ViewAttribute
    Name="Userid"
    IsUnique="true"
    PrecisionRule="true"
    EntityAttrName="Userid"
    EntityUsage="Employees"
    AliasName="USERID">
    <Properties>
      <SchemaBasedProperties>
        <DISPLAYWIDTH
          Value="10"/>
        <LABEL
          ResId="oracle.summitdi.model.queries.readonly.SalesReps.Userid_LABEL"/>
      </SchemaBasedProperties>
    </Properties>
  </ViewAttribute>
  <ViewCriteria
    Name="SalesRepsCriteriaCaseInsens"
    ViewObjectName="oracle.summitdi.model.queries.readonly.SalesReps"
    Conjunction="AND">
    <Properties Name="_Props">
      <CustomProperties>
        <Property
          Name="displayOperators"
          Value="InAdvancedMode"/>
        <Property
          Name="autoExecute"
          Value="false"/>
        <Property
          Name="allowConjunctionOverride"
          Value="true"/>
        <Property
          Name="showInList"
          Value="true"/>
        <Property
          Name="mode"
          Value="Basic"/>
      </CustomProperties>
    </Properties>
    <ViewCriteriaRow
      Name="SalesRepsCriteria_row_0"
      UpperColumns="1">
      <ViewCriteriaItem
        Name="Id"
        ViewAttribute="Id"
        Operator="="
        Conjunction="AND"
        Value=":BindId"
        IsBindVarValue="true"
        Required="Optional"/>
      <ViewCriteriaItem
        Name="SalesRepsCriteria_SalesRepsCriteria_row_0_LastName"
        ViewAttribute="LastName"
        Operator="STARTSWITH"
        Conjunction="AND"
        Value=":BindLastName"
        IsBindVarValue="true"
        Required="Optional"/>
      <ViewCriteriaItem
        Name="SalesRepsCriteria_SalesRepsCriteria_row_0_FirstName"
        ViewAttribute="FirstName"
        Operator="STARTSWITH"
        Conjunction="AND"
        Value=":BindFirstName"
        IsBindVarValue="true"
        Required="Optional"/>
      <ViewCriteriaItem
        Name="SalesRepsCriteria_SalesRepsCriteria_row_0_Userid"
        ViewAttribute="Userid"
        Operator="STARTSWITH"
        Conjunction="AND"
        Value=":BindUserId"
        IsBindVarValue="true"
        Required="Optional"/>
    </ViewCriteriaRow>
  </ViewCriteria>
  <ResourceBundle>
    <PropertiesBundle
      PropertiesFile="oracle.summitdi.model.resources.ModelBundle"/>
  </ResourceBundle>
</ViewObject>
