<?xml version="1.0" encoding="UTF-8" ?>
<!DOCTYPE Entity SYSTEM "jbo_03_01.dtd">
<!---->
<Entity
  xmlns="http://xmlns.oracle.com/bc4j"
  Name="SDept"
  Version="12.1.3.2.36"
  InheritPersonalization="merge"
  DBObjectType="table"
  DBObjectName="S_DEPT"
  AliasName="SDept"
  BindingStyle="OracleName"
  RowClass="oracle.summit.base.SummitEntityImpl">
  <Attribute
    Name="Id"
    IsNotNull="true"
    Precision="7"
    Scale="0"
    ColumnName="ID"
    SQLType="NUMERIC"
    Type="java.lang.Integer"
    ColumnType="NUMBER"
    TableName="S_DEPT"
    PrimaryKey="true"/>
  <Attribute
    Name="Name"
    IsUnique="true"
    IsNotNull="true"
    Precision="25"
    ColumnName="NAME"
    SQLType="VARCHAR"
    Type="java.lang.String"
    ColumnType="VARCHAR2"
    TableName="S_DEPT">
    <DesignTime>
      <Attr Name="_DisplaySize" Value="25"/>
    </DesignTime>
  </Attribute>
  <Attribute
    Name="RegionId"
    IsUnique="true"
    Precision="7"
    Scale="0"
    ColumnName="REGION_ID"
    SQLType="NUMERIC"
    Type="java.lang.Integer"
    ColumnType="NUMBER"
    TableName="S_DEPT"/>
  <AccessorAttribute
    Name="SEmp"
    Association="oracle.summit.model.polymorphicvo.entities.SEmpDeptIdFkAssoc"
    AssociationEnd="oracle.summit.model.polymorphicvo.entities.SEmpDeptIdFkAssoc.SEmp"
    AssociationOtherEnd="oracle.summit.model.polymorphicvo.entities.SEmpDeptIdFkAssoc.SDept"
    Type="oracle.jbo.RowIterator"
    IsUpdateable="false"/>
  <Key
    Name="SDeptIdNn">
    <DesignTime>
      <Attr Name="_DBObjectName" Value="S_DEPT_ID_NN"/>
      <Attr Name="_checkCondition" Value="ID IS NOT NULL"/>
      <Attr Name="_isCheck" Value="true"/>
    </DesignTime>
    <AttrArray Name="Attributes"/>
  </Key>
  <Key
    Name="SDeptIdPk"
    PrimaryKey="true">
    <DesignTime>
      <Attr Name="_DBObjectName" Value="S_DEPT_ID_PK"/>
    </DesignTime>
    <AttrArray Name="Attributes">
      <Item Value="oracle.summit.model.polymorphicvo.entities.SDept.Id"/>
    </AttrArray>
  </Key>
  <Key
    Name="SDeptNameNn">
    <DesignTime>
      <Attr Name="_DBObjectName" Value="S_DEPT_NAME_NN"/>
      <Attr Name="_checkCondition" Value="NAME IS NOT NULL"/>
      <Attr Name="_isCheck" Value="true"/>
    </DesignTime>
    <AttrArray Name="Attributes"/>
  </Key>
  <Key
    Name="SDeptNameRegionIdUk">
    <DesignTime>
      <Attr Name="_isUnique" Value="true"/>
      <Attr Name="_DBObjectName" Value="S_DEPT_NAME_REGION_ID_UK"/>
    </DesignTime>
    <AttrArray Name="Attributes">
      <Item Value="oracle.summit.model.polymorphicvo.entities.SDept.Name"/>
      <Item Value="oracle.summit.model.polymorphicvo.entities.SDept.RegionId"/>
    </AttrArray>
  </Key>
  <Key
    Name="SDeptRegionIdFk">
    <DesignTime>
      <Attr Name="_referencedKey" Value="S_REGION_ID_PK"/>
      <Attr Name="_isForeign" Value="true"/>
      <Attr Name="_DBObjectName" Value="S_DEPT_REGION_ID_FK"/>
    </DesignTime>
    <AttrArray Name="Attributes">
      <Item Value="oracle.summit.model.polymorphicvo.entities.SDept.RegionId"/>
    </AttrArray>
  </Key>
</Entity>
