<?xml version="1.0" encoding="UTF-8" ?>
<!DOCTYPE Entity SYSTEM "jbo_03_01.dtd">
<!---->
<Entity
  xmlns="http://xmlns.oracle.com/bc4j"
  Name="SEmp"
  Version="12.1.3.2.36"
  InheritPersonalization="merge"
  DBObjectType="table"
  DBObjectName="S_EMP"
  AliasName="SEmp"
  BindingStyle="OracleName"
  RowClass="oracle.summit.base.SummitEntityImpl">
  <Attribute
    Name="Id"
    IsNotNull="true"
    Precision="7"
    Scale="0"
    ColumnName="ID"
    SQLType="NUMERIC"
    Type="java.lang.Integer"
    ColumnType="NUMBER"
    TableName="S_EMP"
    PrimaryKey="true"/>
  <Attribute
    Name="LastName"
    IsNotNull="true"
    Precision="25"
    ColumnName="LAST_NAME"
    SQLType="VARCHAR"
    Type="java.lang.String"
    ColumnType="VARCHAR2"
    TableName="S_EMP">
    <DesignTime>
      <Attr Name="_DisplaySize" Value="25"/>
    </DesignTime>
  </Attribute>
  <Attribute
    Name="FirstName"
    Precision="25"
    ColumnName="FIRST_NAME"
    SQLType="VARCHAR"
    Type="java.lang.String"
    ColumnType="VARCHAR2"
    TableName="S_EMP">
    <DesignTime>
      <Attr Name="_DisplaySize" Value="25"/>
    </DesignTime>
  </Attribute>
  <Attribute
    Name="Userid"
    IsUnique="true"
    Precision="8"
    ColumnName="USERID"
    SQLType="VARCHAR"
    Type="java.lang.String"
    ColumnType="VARCHAR2"
    TableName="S_EMP">
    <DesignTime>
      <Attr Name="_DisplaySize" Value="8"/>
    </DesignTime>
  </Attribute>
  <Attribute
    Name="Email"
    Precision="100"
    ColumnName="EMAIL"
    SQLType="VARCHAR"
    Type="java.lang.String"
    ColumnType="VARCHAR2"
    TableName="S_EMP">
    <DesignTime>
      <Attr Name="_DisplaySize" Value="100"/>
    </DesignTime>
  </Attribute>
  <Attribute
    Name="StartDate"
    ColumnName="START_DATE"
    SQLType="DATE"
    Type="java.sql.Date"
    ColumnType="DATE"
    TableName="S_EMP"/>
  <Attribute
    Name="Comments"
    Precision="255"
    ColumnName="COMMENTS"
    SQLType="VARCHAR"
    Type="java.lang.String"
    ColumnType="VARCHAR2"
    TableName="S_EMP">
    <DesignTime>
      <Attr Name="_DisplaySize" Value="255"/>
    </DesignTime>
  </Attribute>
  <Attribute
    Name="ManagerId"
    Precision="7"
    Scale="0"
    ColumnName="MANAGER_ID"
    SQLType="NUMERIC"
    Type="java.lang.Integer"
    ColumnType="NUMBER"
    TableName="S_EMP"/>
  <Attribute
    Name="TitleId"
    ColumnName="TITLE_ID"
    SQLType="NUMERIC"
    Type="java.math.BigDecimal"
    ColumnType="NUMBER"
    TableName="S_EMP"/>
  <Attribute
    Name="DeptId"
    Precision="7"
    Scale="0"
    ColumnName="DEPT_ID"
    SQLType="NUMERIC"
    Type="java.lang.Integer"
    ColumnType="NUMBER"
    TableName="S_EMP"/>
  <Attribute
    Name="Salary"
    Precision="11"
    Scale="2"
    ColumnName="SALARY"
    SQLType="NUMERIC"
    Type="java.math.BigDecimal"
    ColumnType="NUMBER"
    TableName="S_EMP"/>
  <Attribute
    Name="CommissionPct"
    Precision="4"
    Scale="2"
    ColumnName="COMMISSION_PCT"
    SQLType="NUMERIC"
    Type="java.math.BigDecimal"
    ColumnType="NUMBER"
    TableName="S_EMP"/>
  <AccessorAttribute
    Name="SEmp"
    Association="oracle.summit.model.polymorphicvo.entities.SEmpManagerIdFkAssoc"
    AssociationEnd="oracle.summit.model.polymorphicvo.entities.SEmpManagerIdFkAssoc.SEmp"
    AssociationOtherEnd="oracle.summit.model.polymorphicvo.entities.SEmpManagerIdFkAssoc.ManagerIdSEmp"
    Type="oracle.jbo.RowIterator"
    IsUpdateable="false"/>
  <AccessorAttribute
    Name="ManagerIdSEmp"
    Association="oracle.summit.model.polymorphicvo.entities.SEmpManagerIdFkAssoc"
    AssociationEnd="oracle.summit.model.polymorphicvo.entities.SEmpManagerIdFkAssoc.ManagerIdSEmp"
    AssociationOtherEnd="oracle.summit.model.polymorphicvo.entities.SEmpManagerIdFkAssoc.SEmp"
    Type="oracle.summit.base.SummitEntityImpl"
    IsUpdateable="true"/>
  <AccessorAttribute
    Name="SDept"
    Association="oracle.summit.model.polymorphicvo.entities.SEmpDeptIdFkAssoc"
    AssociationEnd="oracle.summit.model.polymorphicvo.entities.SEmpDeptIdFkAssoc.SDept"
    AssociationOtherEnd="oracle.summit.model.polymorphicvo.entities.SEmpDeptIdFkAssoc.SEmp"
    Type="oracle.summit.base.SummitEntityImpl"
    IsUpdateable="true"/>
  <AccessorAttribute
    Name="STitle"
    Association="oracle.summit.model.polymorphicvo.entities.SEmpTitleIdFkAssoc"
    AssociationEnd="oracle.summit.model.polymorphicvo.entities.SEmpTitleIdFkAssoc.STitle"
    AssociationOtherEnd="oracle.summit.model.polymorphicvo.entities.SEmpTitleIdFkAssoc.SEmp"
    Type="oracle.summit.base.SummitEntityImpl"
    IsUpdateable="true"/>
  <Key
    Name="SEmpCommissionPctCk">
    <DesignTime>
      <Attr Name="_DBObjectName" Value="S_EMP_COMMISSION_PCT_CK"/>
      <Attr Name="_checkCondition" Value="COMMISSION_PCT IN (10, 12.5, 15, 17.5, 20)"/>
      <Attr Name="_isCheck" Value="true"/>
    </DesignTime>
    <AttrArray Name="Attributes"/>
  </Key>
  <Key
    Name="SEmpIdNn">
    <DesignTime>
      <Attr Name="_DBObjectName" Value="S_EMP_ID_NN"/>
      <Attr Name="_checkCondition" Value="ID IS NOT NULL"/>
      <Attr Name="_isCheck" Value="true"/>
    </DesignTime>
    <AttrArray Name="Attributes"/>
  </Key>
  <Key
    Name="SEmpIdPk"
    PrimaryKey="true">
    <DesignTime>
      <Attr Name="_DBObjectName" Value="S_EMP_ID_PK"/>
    </DesignTime>
    <AttrArray Name="Attributes">
      <Item Value="oracle.summit.model.polymorphicvo.entities.SEmp.Id"/>
    </AttrArray>
  </Key>
  <Key
    Name="SEmpLastNameNn">
    <DesignTime>
      <Attr Name="_DBObjectName" Value="S_EMP_LAST_NAME_NN"/>
      <Attr Name="_checkCondition" Value="LAST_NAME IS NOT NULL"/>
      <Attr Name="_isCheck" Value="true"/>
    </DesignTime>
    <AttrArray Name="Attributes"/>
  </Key>
  <Key
    Name="SEmpUseridUk">
    <DesignTime>
      <Attr Name="_isUnique" Value="true"/>
      <Attr Name="_DBObjectName" Value="S_EMP_USERID_UK"/>
    </DesignTime>
    <AttrArray Name="Attributes">
      <Item Value="oracle.summit.model.polymorphicvo.entities.SEmp.Userid"/>
    </AttrArray>
  </Key>
  <Key
    Name="SEmpDeptIdFk">
    <DesignTime>
      <Attr Name="_referencedKey" Value="S_DEPT_ID_PK"/>
      <Attr Name="_isForeign" Value="true"/>
      <Attr Name="_DBObjectName" Value="S_EMP_DEPT_ID_FK"/>
    </DesignTime>
    <AttrArray Name="Attributes">
      <Item Value="oracle.summit.model.polymorphicvo.entities.SEmp.DeptId"/>
    </AttrArray>
  </Key>
  <Key
    Name="SEmpManagerIdFk">
    <DesignTime>
      <Attr Name="_referencedKey" Value="S_EMP_ID_PK"/>
      <Attr Name="_isForeign" Value="true"/>
      <Attr Name="_DBObjectName" Value="S_EMP_MANAGER_ID_FK"/>
    </DesignTime>
    <AttrArray Name="Attributes">
      <Item Value="oracle.summit.model.polymorphicvo.entities.SEmp.ManagerId"/>
    </AttrArray>
  </Key>
  <Key
    Name="SEmpSTitleFk1">
    <DesignTime>
      <Attr Name="_referencedKey" Value="S_TITLE_PK"/>
      <Attr Name="_isForeign" Value="true"/>
      <Attr Name="_DBObjectName" Value="S_EMP_S_TITLE_FK1"/>
    </DesignTime>
    <AttrArray Name="Attributes">
      <Item Value="oracle.summit.model.polymorphicvo.entities.SEmp.TitleId"/>
    </AttrArray>
  </Key>
  <Key
    Name="fk_SEmp">
    <DesignTime>
      <Attr Name="_referencedKey" Value="S_TITLE_PK"/>
      <Attr Name="_isForeign" Value="true"/>
      <Attr Name="_DBObjectName" Value="FK_SEMP"/>
    </DesignTime>
    <AttrArray Name="Attributes">
      <Item Value="oracle.summit.model.polymorphicvo.entities.SEmp.TitleId"/>
    </AttrArray>
  </Key>
</Entity>
