<?xml version="1.0" encoding="UTF-8" ?>
<!DOCTYPE Association SYSTEM "jbo_03_01.dtd">
<!---->
<Association
  xmlns="http://xmlns.oracle.com/bc4j"
  Name="SEmpDeptIdFkAssoc"
  Version="12.1.3.2.36"
  InheritPersonalization="merge">
  <DesignTime>
    <Attr Name="_isCodegen" Value="true"/>
  </DesignTime>
  <AssociationEnd
    Name="SDept"
    Cardinality="1"
    Source="true"
    Owner="oracle.summit.model.polymorphicvo.entities.SDept">
    <DesignTime>
      <Attr Name="_aggregation" Value="0"/>
      <Attr Name="_finderName" Value="SDept"/>
      <Attr Name="_foreignKey" Value="oracle.summit.model.polymorphicvo.entities.SDept.SDeptIdPk"/>
      <Attr Name="_isUpdateable" Value="true"/>
    </DesignTime>
    <AttrArray Name="Attributes">
      <Item Value="oracle.summit.model.polymorphicvo.entities.SDept.Id"/>
    </AttrArray>
  </AssociationEnd>
  <AssociationEnd
    Name="SEmp"
    Cardinality="-1"
    Owner="oracle.summit.model.polymorphicvo.entities.SEmp">
    <DesignTime>
      <Attr Name="_aggregation" Value="0"/>
      <Attr Name="_finderName" Value="SEmp"/>
      <Attr Name="_foreignKey" Value="oracle.summit.model.polymorphicvo.entities.SEmp.SEmpDeptIdFk"/>
      <Attr Name="_isUpdateable" Value="true"/>
    </DesignTime>
    <AttrArray Name="Attributes">
      <Item Value="oracle.summit.model.polymorphicvo.entities.SEmp.DeptId"/>
    </AttrArray>
  </AssociationEnd>
</Association>
