<?xml version="1.0" encoding="UTF-8" ?>
<!DOCTYPE Entity SYSTEM "jbo_03_01.dtd">
<!---->
<Entity
  xmlns="http://xmlns.oracle.com/bc4j"
  Name="STitle"
  Version="12.1.3.2.36"
  InheritPersonalization="merge"
  DBObjectType="table"
  DBObjectName="S_TITLE"
  AliasName="STitle"
  BindingStyle="OracleName"
  RowClass="oracle.summit.base.SummitEntityImpl">
  <Attribute
    Name="TitleId"
    IsNotNull="true"
    Precision="7"
    Scale="0"
    ColumnName="TITLE_ID"
    SQLType="NUMERIC"
    Type="java.lang.Integer"
    ColumnType="NUMBER"
    TableName="S_TITLE"
    PrimaryKey="true"/>
  <Attribute
    Name="Title"
    Precision="20"
    ColumnName="TITLE"
    SQLType="VARCHAR"
    Type="java.lang.String"
    ColumnType="VARCHAR2"
    TableName="S_TITLE">
    <DesignTime>
      <Attr Name="_DisplaySize" Value="20"/>
    </DesignTime>
  </Attribute>
  <AccessorAttribute
    Name="SEmp"
    Association="oracle.summit.model.polymorphicvo.entities.SEmpTitleIdFkAssoc"
    AssociationEnd="oracle.summit.model.polymorphicvo.entities.SEmpTitleIdFkAssoc.SEmp"
    AssociationOtherEnd="oracle.summit.model.polymorphicvo.entities.SEmpTitleIdFkAssoc.STitle"
    Type="oracle.jbo.RowIterator"
    IsUpdateable="false"/>
  <Key
    Name="STitlePk"
    PrimaryKey="true">
    <DesignTime>
      <Attr Name="_DBObjectName" Value="S_TITLE_PK"/>
    </DesignTime>
    <AttrArray Name="Attributes">
      <Item Value="oracle.summit.model.polymorphicvo.entities.STitle.TitleId"/>
    </AttrArray>
  </Key>
</Entity>
