<?xml version='1.0' encoding='UTF-8' ?>
<!DOCTYPE ViewObject SYSTEM "jbo_03_01.dtd">
<!---->

<ViewObject
   xmlns="http://xmlns.oracle.com/bc4j"
   Name="EmpView"
   Version="12.1.3.2.36"
   InheritPersonalization="merge"
   SelectListFlags="1"
   FromListFlags="1"
   WhereFlags="1"
   BindingStyle="OracleName"
   CustomQuery="false"
   RowClass="oracle.summit.base.SummitViewRowImpl"
   ComponentClass="oracle.summit.base.SummitViewObjectImpl"
   PageIterMode="Partial"
   SelectAllAttributes="false"
   SdoGen="true"
   SdoName="oracle.summit.model.rowfinder.common.EmpViewSDO"
   SdoNameSpace="/oracle/summit/model/rowfinder/common/">
   <Variable
      Name="TitleBindVar"
      Kind="viewcriteria"
      Type="java.lang.Long"/>
   <EntityUsage
      Name="Emp"
      Entity="oracle.summit.model.rowfinder.Emp" >
   </EntityUsage>
   <ViewAttribute
      Name="Id"
      IsNotNull="true"
      PrecisionRule="true"
      EntityAttrName="Id"
      EntityUsage="Emp"
      AliasName="ID" >
   </ViewAttribute>
   <ViewAttribute
      Name="LastName"
      IsNotNull="true"
      PrecisionRule="true"
      EntityAttrName="LastName"
      EntityUsage="Emp"
      AliasName="LAST_NAME" >
   </ViewAttribute>
   <ViewAttribute
      Name="FirstName"
      PrecisionRule="true"
      EntityAttrName="FirstName"
      EntityUsage="Emp"
      AliasName="FIRST_NAME" >
   </ViewAttribute>
   <ViewAttribute
      Name="Userid"
      IsUnique="true"
      PrecisionRule="true"
      EntityAttrName="Userid"
      EntityUsage="Emp"
      AliasName="USERID" >
   </ViewAttribute>
   <ViewAttribute
      Name="Email"
      PrecisionRule="true"
      EntityAttrName="Email"
      EntityUsage="Emp"
      AliasName="EMAIL" >
   </ViewAttribute>
   <ViewAttribute
      Name="StartDate"
      PrecisionRule="true"
      EntityAttrName="StartDate"
      EntityUsage="Emp"
      AliasName="START_DATE" >
   </ViewAttribute>
   <ViewAttribute
      Name="Comments"
      PrecisionRule="true"
      EntityAttrName="Comments"
      EntityUsage="Emp"
      AliasName="COMMENTS" >
   </ViewAttribute>
   <ViewAttribute
      Name="ManagerId"
      PrecisionRule="true"
      EntityAttrName="ManagerId"
      EntityUsage="Emp"
      AliasName="MANAGER_ID" >
   </ViewAttribute>
   <ViewAttribute
      Name="TitleId"
      PrecisionRule="true"
      EntityAttrName="TitleId"
      EntityUsage="Emp"
      AliasName="TITLE_ID" >
   </ViewAttribute>
   <ViewAttribute
      Name="DeptId"
      PrecisionRule="true"
      EntityAttrName="DeptId"
      EntityUsage="Emp"
      AliasName="DEPT_ID" >
   </ViewAttribute>
   <ViewAttribute
      Name="Salary"
      PrecisionRule="true"
      EntityAttrName="Salary"
      EntityUsage="Emp"
      AliasName="SALARY" >
   </ViewAttribute>
   <ViewAttribute
      Name="CommissionPct"
      PrecisionRule="true"
      EntityAttrName="CommissionPct"
      EntityUsage="Emp"
      AliasName="COMMISSION_PCT" >
   </ViewAttribute>
   <ViewAttribute
      Name="TrTitleId"
      IsUpdateable="false"
      IsSelected="false"
      IsPersistent="false"
      PrecisionRule="true"
      Type="java.lang.Long"
      ColumnType="NUMBER"
      AliasName="VIEW_ATTR"
      SQLType="NUMERIC"/>
   <ViewCriteria
      Name="EmpViewCriteria"
      ViewObjectName="oracle.summit.model.rowfinder.EmpView"
      Conjunction="AND">
      <Properties>
         <CustomProperties>
            <Property
               Name="displayOperators"
               Value="InAdvancedMode"/>
            <Property
               Name="autoExecute"
               Value="false"/>
            <Property
               Name="allowConjunctionOverride"
               Value="true"/>
            <Property
               Name="showInList"
               Value="true"/>
            <Property
               Name="mode"
               Value="Basic"/>
         </CustomProperties>
      </Properties>
      <ViewCriteriaRow
         Name="EmpViewCriteria_row_0"
         UpperColumns="1">
         <ViewCriteriaItem
            Name="TitleView"
            ViewAttribute="TitleView"
            Operator="EXISTS"
            Conjunction="AND"
            IsNestedCriteria="true"
            Required="Optional">
            <ViewCriteria
               Name="TitleViewNestedCriteria"
               ViewObjectName="oracle.summit.model.rowfinder.TitleView"
               Conjunction="AND">
               <ViewCriteriaRow
                  Name="TitleViewNestedCriteria_row_0"
                  UpperColumns="1">
                  <ViewCriteriaItem
                     Name="TitleViewNestedCriteria_TitleViewNestedCriteria_row_0_TitleId"
                     ViewAttribute="TitleId"
                     Operator="="
                     Conjunction="AND"
                     Value=":TitleBindVar"
                     IsBindVarValue="true"
                     Required="Optional"/>
               </ViewCriteriaRow>
            </ViewCriteria>
         </ViewCriteriaItem>
      </ViewCriteriaRow>
   </ViewCriteria>
   <ViewLinkAccessor
      Name="TitleView"
      ViewLink="oracle.summit.model.rowfinder.SEmpTitleIdFkLink"
      Type="oracle.jbo.RowIterator"
      IsUpdateable="false"
     Reversed="true">
   </ViewLinkAccessor>
   <RowFinders>
      <AttrValueRowFinder
         Name="EmpByTitleId">
         <ViewCriteriaUsage
            Name="EmpViewCriteria"
            FullName="oracle.summit.model.rowfinder.EmpView.EmpViewCriteria"/>
         <VarAttributeMap>
            <VariableAttributeMapping
               Variable="TitleBindVar"
               Attribute="TrTitleId"/>
         </VarAttributeMap>
      </AttrValueRowFinder>
   </RowFinders>
</ViewObject>
