<?xml version='1.0' encoding='UTF-8' ?>
<!DOCTYPE Association SYSTEM "jbo_03_01.dtd">

<Association
   xmlns="http://xmlns.oracle.com/bc4j"
   Name="SEmpTitleIdFkAssoc"
   Version="12.1.3.2.36"
   InheritPersonalization="merge" >
   <DesignTime>
      <Attr Name="_isCodegen" Value="true" />
   </DesignTime>
   <AssociationEnd
      Name="Title"
      Cardinality="1"
      Source="true"
      Owner="oracle.summit.model.rowfinder.Title"
      LockLevel="NONE" >
      <AttrArray Name="Attributes">
         <Item Value="oracle.summit.model.rowfinder.Title.TitleId" />
      </AttrArray>
      <DesignTime>
         <Attr Name="_aggregation" Value="0" />
         <Attr Name="_finderName" Value="Title" />
         <Attr Name="_foreignKey" Value="oracle.summit.model.rowfinder.Title.STitlePk" />
         <Attr Name="_isUpdateable" Value="true" />
      </DesignTime>
   </AssociationEnd>
   <AssociationEnd
      Name="Emp"
      Cardinality="-1"
      Owner="oracle.summit.model.rowfinder.Emp" >
      <AttrArray Name="Attributes">
         <Item Value="oracle.summit.model.rowfinder.Emp.TitleId" />
      </AttrArray>
      <DesignTime>
         <Attr Name="_aggregation" Value="0" />
         <Attr Name="_finderName" Value="Emp" />
         <Attr Name="_foreignKey" Value="oracle.summit.model.rowfinder.Emp.fk_Emp" />
         <Attr Name="_isUpdateable" Value="true" />
      </DesignTime>
   </AssociationEnd>
</Association>
