<?xml version='1.0' encoding='UTF-8' ?>
<!DOCTYPE ViewLink SYSTEM "jbo_03_01.dtd">
<!---->

<ViewLink
   xmlns="http://xmlns.oracle.com/bc4j"
   Name="SEmpTitleIdFkLink"
   Version="12.1.3.2.36"
   InheritPersonalization="merge"
   EntityAssociation="oracle.summit.model.rowfinder.SEmpTitleIdFkAssoc" >
   <Properties >
      <SchemaBasedProperties >
         <LABEL
            ResId="oracle.summit.model.rowfinder.SEmpTitleIdFkLink_LABEL" >
         </LABEL>
      </SchemaBasedProperties>
   </Properties>
   <ViewLinkDefEnd
      Name="TitleView"
      Cardinality="1"
      Source="true"
      Owner="oracle.summit.model.rowfinder.TitleView" >
      <DesignTime>
         <Attr Name="_finderName" Value="TitleView"/>
         <Attr Name="_isUpdateable" Value="true"/>
         <Attr Name="_accessor" Value="true"/>
      </DesignTime>
      <AttrArray Name="Attributes">
         <Item Value="oracle.summit.model.rowfinder.TitleView.TitleId" />
      </AttrArray>
   </ViewLinkDefEnd>
   <ViewLinkDefEnd
      Name="EmpView"
      Cardinality="-1"
      Owner="oracle.summit.model.rowfinder.EmpView" >
      <DesignTime>
         <Attr Name="_finderName" Value="EmpView"/>
         <Attr Name="_isUpdateable" Value="true"/>
      </DesignTime>
      <AttrArray Name="Attributes">
         <Item Value="oracle.summit.model.rowfinder.EmpView.TitleId" />
      </AttrArray>
   </ViewLinkDefEnd>
   <ResourceBundle >
      <PropertiesBundle
         PropertiesFile="oracle.summit.model.ModelBundle" >
      </PropertiesBundle>
   </ResourceBundle>
</ViewLink>
