<?xml version="1.0" encoding="windows-1252" ?>
<!DOCTYPE ViewObject SYSTEM "jbo_03_01.dtd">
<!---->
<ViewObject
  xmlns="http://xmlns.oracle.com/bc4j"
  Name="CustomerView"
  Version="12.1.2.65.79"
  InheritPersonalization="merge"
  SelectList="Customer.ID, 
       Customer.NAME, 
       Customer.CITY, 
       Customer.CREDIT_RATING_ID, 
       Customer.SALES_REP_ID"
  FromList="S_CUSTOMER Customer"
  BindingStyle="OracleName"
  CustomQuery="false"
  RowClass="oracle.summit.base.SummitViewRowImpl"
  ComponentClass="oracle.summit.model.multinamedviewcriteria.CustomerViewImpl"
  PageIterMode="Full"
  ComponentInterface="oracle.summit.model.multinamedviewcriteria.common.CustomerView"
  ClientProxyName="oracle.summit.model.multinamedviewcriteria.client.CustomerViewClient">
  <DesignTime>
    <Attr Name="_codeGenFlag2" Value="Coll|VarAccess"/>
  </DesignTime>
  <Variable
    Name="bv_SalesRepId"
    Kind="viewcriteria"
    Type="java.lang.Integer"/>
  <Variable
    Name="bv_CreditRatingId"
    Kind="viewcriteria"
    Type="java.lang.Integer"/>
  <EntityUsage
    Name="Customer"
    Entity="oracle.summit.model.multinamedviewcriteria.Customer"/>
  <ViewAttribute
    Name="Id"
    IsNotNull="true"
    PrecisionRule="true"
    EntityAttrName="Id"
    EntityUsage="Customer"
    AliasName="ID"/>
  <ViewAttribute
    Name="Name"
    IsNotNull="true"
    PrecisionRule="true"
    EntityAttrName="Name"
    EntityUsage="Customer"
    AliasName="NAME"/>
  <ViewAttribute
    Name="City"
    PrecisionRule="true"
    EntityAttrName="City"
    EntityUsage="Customer"
    AliasName="CITY"/>
  <ViewAttribute
    Name="CreditRatingId"
    PrecisionRule="true"
    EntityAttrName="CreditRatingId"
    EntityUsage="Customer"
    AliasName="CREDIT_RATING_ID"/>
  <ViewAttribute
    Name="SalesRepId"
    PrecisionRule="true"
    EntityAttrName="SalesRepId"
    EntityUsage="Customer"
    AliasName="SALES_REP_ID"/>
  <ViewCriteria
    Name="SalesRepIsCriteria"
    ViewObjectName="oracle.summit.model.multinamedviewcriteria.CustomerView"
    Conjunction="AND">
    <Properties>
      <CustomProperties>
        <Property
          Name="displayOperators"
          Value="InAdvancedMode"/>
        <Property
          Name="autoExecute"
          Value="false"/>
        <Property
          Name="allowConjunctionOverride"
          Value="true"/>
        <Property
          Name="showInList"
          Value="true"/>
        <Property
          Name="mode"
          Value="Basic"/>
      </CustomProperties>
    </Properties>
    <ViewCriteriaRow
      Name="CustomerViewCriteria_row_0"
      UpperColumns="1">
      <ViewCriteriaItem
        Name="SalesRepId"
        ViewAttribute="SalesRepId"
        Operator="="
        Conjunction="AND"
        Value=":bv_SalesRepId"
        ValidateBindVars="true"
        IsBindVarValue="true"
        Required="Required"/>
    </ViewCriteriaRow>
  </ViewCriteria>
  <ViewCriteria
    Name="CreditRatingIsCriteria"
    ViewObjectName="oracle.summit.model.multinamedviewcriteria.CustomerView"
    Conjunction="AND">
    <Properties>
      <CustomProperties>
        <Property
          Name="displayOperators"
          Value="InAdvancedMode"/>
        <Property
          Name="autoExecute"
          Value="false"/>
        <Property
          Name="allowConjunctionOverride"
          Value="true"/>
        <Property
          Name="showInList"
          Value="true"/>
        <Property
          Name="mode"
          Value="Basic"/>
      </CustomProperties>
    </Properties>
    <ViewCriteriaRow
      Name="CustomerViewCriteria_row_0"
      UpperColumns="1">
      <ViewCriteriaItem
        Name="CreditRatingId"
        ViewAttribute="CreditRatingId"
        Operator="="
        Conjunction="AND"
        Value=":bv_CreditRatingId"
        ValidateBindVars="true"
        IsBindVarValue="true"
        Required="Required"
        GenerateIsNullClauseForBindVars="false"/>
    </ViewCriteriaRow>
  </ViewCriteria>
  <ClientInterface
    Name="__clientInterface">
    <Method
      Name="getbv_CreditRatingId"
      MethodName="getbv_CreditRatingId">
      <Return
        Name="_return_type_"
        Type="java.lang.Integer"/>
    </Method>
    <Method
      Name="getbv_SalesRepId"
      MethodName="getbv_SalesRepId">
      <Return
        Name="_return_type_"
        Type="java.lang.Integer"/>
    </Method>
    <Method
      Name="setbv_CreditRatingId"
      MethodName="setbv_CreditRatingId">
      <Return
        Name="_return_type_"
        Type="void"/>
      <Parameter
        Name="value"
        Type="java.lang.Integer"/>
    </Method>
    <Method
      Name="setbv_SalesRepId"
      MethodName="setbv_SalesRepId">
      <Return
        Name="_return_type_"
        Type="void"/>
      <Parameter
        Name="value"
        Type="java.lang.Integer"/>
    </Method>
    <Method
      Name="showCustomersForCreditRating"
      MethodName="showCustomersForCreditRating">
      <Return
        Name="_return_type_"
        Type="void"/>
    </Method>
    <Method
      Name="showCustomersForSalesRep"
      MethodName="showCustomersForSalesRep">
      <Return
        Name="_return_type_"
        Type="void"/>
    </Method>
    <Method
      Name="showCustomersForSalesRepForCreditRating"
      MethodName="showCustomersForSalesRepForCreditRating">
      <Return
        Name="_return_type_"
        Type="void"/>
    </Method>
    <Method
      Name="getbv_CreditRatingId"
      MethodName="getbv_CreditRatingId">
      <Return
        Name="_return_type_"
        Type="java.lang.Integer"/>
    </Method>
    <Method
      Name="getbv_SalesRepId"
      MethodName="getbv_SalesRepId">
      <Return
        Name="_return_type_"
        Type="java.lang.Integer"/>
    </Method>
    <Method
      Name="setbv_CreditRatingId"
      MethodName="setbv_CreditRatingId">
      <Return
        Name="_return_type_"
        Type="void"/>
      <Parameter
        Name="value"
        Type="java.lang.Integer"/>
    </Method>
    <Method
      Name="setbv_SalesRepId"
      MethodName="setbv_SalesRepId">
      <Return
        Name="_return_type_"
        Type="void"/>
      <Parameter
        Name="value"
        Type="java.lang.Integer"/>
    </Method>
    <Method
      Name="showAllCustomers"
      MethodName="showAllCustomers">
      <Return
        Name="_return_type_"
        Type="void"/>
    </Method>
  </ClientInterface>
</ViewObject>
