<?xml version="1.0" encoding="windows-1252" ?>
<!DOCTYPE ViewObject SYSTEM "jbo_03_01.dtd">
<!---->
<ViewObject
  xmlns="http://xmlns.oracle.com/bc4j"
  Name="ProductInventoryView"
  Version="12.1.2.65.70"
  InheritPersonalization="true"
  BindingStyle="OracleName"
  CustomQuery="false"
  PageIterMode="Full"
  FromList="S_INVENTORY SInventory, S_PRODUCT SProduct"
  Where="SInventory.PRODUCT_ID = SProduct.ID"
  SelectList="SInventory.AMOUNT_IN_STOCK, 
       SInventory.MAX_IN_STOCK, 
       SInventory.OUT_OF_STOCK_EXPLANATION, 
       SInventory.PRODUCT_ID, 
       SInventory.REORDER_POINT, 
       SInventory.RESTOCK_DATE, 
       SInventory.WAREHOUSE_ID, 
       SProduct.NAME, 
       SProduct.ID, 
       SProduct.SHORT_DESC">
  <Properties>
    <SchemaBasedProperties>
      <LABEL
        ResId="model.ProductInventoryView_LABEL"/>
    </SchemaBasedProperties>
  </Properties>
  <EntityUsage
    Name="SInventory"
    Entity="model.SInventory"/>
  <EntityUsage
    Name="SProduct"
    Entity="model.SProduct"
    Association="model.SInventoryProductIdFkAssoc"
    AssociationEnd="model.SInventoryProductIdFkAssoc.SProduct"
    SourceUsage="model.ProductInventoryView.SInventory"
    ReadOnly="true"
    Reference="true"
    DeleteParticipant="false"
    JoinType="INNER JOIN">
    <DesignTime>
      <AttrArray Name="_srcAttributes">
        <Item Value="model.SInventory.ProductId"/>
      </AttrArray>
      <AttrArray Name="_dstAttributes">
        <Item Value="model.SProduct.Id"/>
      </AttrArray>
    </DesignTime>
  </EntityUsage>
  <ViewAttribute
    Name="AmountInStock"
    PrecisionRule="true"
    EntityAttrName="AmountInStock"
    EntityUsage="SInventory"
    AliasName="AMOUNT_IN_STOCK">
    <Properties>
      <SchemaBasedProperties>
        <LABEL
          ResId="model.ProductInventoryView.AmountInStock_LABEL"/>
      </SchemaBasedProperties>
    </Properties>
  </ViewAttribute>
  <ViewAttribute
    Name="MaxInStock"
    PrecisionRule="true"
    EntityAttrName="MaxInStock"
    EntityUsage="SInventory"
    AliasName="MAX_IN_STOCK">
    <Properties>
      <SchemaBasedProperties>
        <LABEL
          ResId="model.ProductInventoryView.MaxInStock_LABEL"/>
      </SchemaBasedProperties>
    </Properties>
  </ViewAttribute>
  <ViewAttribute
    Name="OutOfStockExplanation"
    PrecisionRule="true"
    EntityAttrName="OutOfStockExplanation"
    EntityUsage="SInventory"
    AliasName="OUT_OF_STOCK_EXPLANATION">
    <Properties>
      <SchemaBasedProperties>
        <LABEL
          ResId="model.ProductInventoryView.OutOfStockExplanation_LABEL"/>
      </SchemaBasedProperties>
    </Properties>
  </ViewAttribute>
  <ViewAttribute
    Name="ProductId"
    IsNotNull="true"
    PrecisionRule="true"
    EntityAttrName="ProductId"
    EntityUsage="SInventory"
    AliasName="PRODUCT_ID">
    <Properties>
      <SchemaBasedProperties>
        <LABEL
          ResId="model.ProductInventoryView.ProductId_LABEL"/>
      </SchemaBasedProperties>
    </Properties>
  </ViewAttribute>
  <ViewAttribute
    Name="ReorderPoint"
    PrecisionRule="true"
    EntityAttrName="ReorderPoint"
    EntityUsage="SInventory"
    AliasName="REORDER_POINT">
    <Properties>
      <SchemaBasedProperties>
        <LABEL
          ResId="model.ProductInventoryView.ReorderPoint_LABEL"/>
      </SchemaBasedProperties>
    </Properties>
  </ViewAttribute>
  <ViewAttribute
    Name="RestockDate"
    PrecisionRule="true"
    EntityAttrName="RestockDate"
    EntityUsage="SInventory"
    AliasName="RESTOCK_DATE">
    <Properties>
      <SchemaBasedProperties>
        <LABEL
          ResId="model.ProductInventoryView.RestockDate_LABEL"/>
      </SchemaBasedProperties>
    </Properties>
  </ViewAttribute>
  <ViewAttribute
    Name="WarehouseId"
    IsNotNull="true"
    PrecisionRule="true"
    EntityAttrName="WarehouseId"
    EntityUsage="SInventory"
    AliasName="WAREHOUSE_ID">
    <Properties>
      <SchemaBasedProperties>
        <LABEL
          ResId="model.ProductInventoryView.WarehouseId_LABEL"/>
      </SchemaBasedProperties>
    </Properties>
  </ViewAttribute>
  <ViewAttribute
    Name="Name"
    IsUnique="true"
    IsNotNull="true"
    PrecisionRule="true"
    EntityAttrName="Name"
    EntityUsage="SProduct"
    AliasName="NAME"/>
  <ViewAttribute
    Name="Id"
    IsNotNull="true"
    PrecisionRule="true"
    EntityAttrName="Id"
    EntityUsage="SProduct"
    AliasName="ID"/>
  <ViewAttribute
    Name="ShortDesc"
    PrecisionRule="true"
    EntityAttrName="ShortDesc"
    EntityUsage="SProduct"
    AliasName="SHORT_DESC">
    <Properties>
      <SchemaBasedProperties>
        <LABEL
          ResId="model.ProductInventoryView.ShortDesc_LABEL"/>
      </SchemaBasedProperties>
    </Properties>
  </ViewAttribute>
  <AttrArray Name="KeyAttributes">
    <Item Value="ProductId"/>
    <Item Value="WarehouseId"/>
  </AttrArray>
  <ResourceBundle>
    <PropertiesBundle
      PropertiesFile="model.ModelBundle"/>
  </ResourceBundle>
</ViewObject>
