<?xml version="1.0" encoding="windows-1252" ?>
<!DOCTYPE ViewLink SYSTEM "jbo_03_01.dtd">
<!---->
<ViewLink
  xmlns="http://xmlns.oracle.com/bc4j"
  Name="SalesRepCustomerViewLink"
  Version="12.1.2.65.67"
  InheritPersonalization="merge">
  <Properties>
    <SchemaBasedProperties>
      <LABEL
        ResId="model.SalesRepCustomerViewLink_LABEL"/>
    </SchemaBasedProperties>
  </Properties>
  <ViewLinkDefEnd
    Name="SalesRepViewObj"
    Cardinality="1"
    Source="true"
    Owner="model.SalesRepViewObj">
    <DesignTime>
      <Attr Name="_finderName" Value="SalesRepViewObj"/>
      <Attr Name="_isUpdateable" Value="true"/>
    </DesignTime>
    <AttrArray Name="Attributes">
      <Item Value="model.SalesRepViewObj.Id"/>
    </AttrArray>
  </ViewLinkDefEnd>
  <ViewLinkDefEnd
    Name="SCustomerView"
    Cardinality="-1"
    Owner="model.SCustomerView">
    <DesignTime>
      <Attr Name="_finderName" Value="SCustomerView"/>
      <Attr Name="_isUpdateable" Value="true"/>
    </DesignTime>
    <AttrArray Name="Attributes">
      <Item Value="model.SCustomerView.SalesRepId"/>
    </AttrArray>
  </ViewLinkDefEnd>
  <ResourceBundle>
    <PropertiesBundle
      PropertiesFile="model.ModelBundle"/>
  </ResourceBundle>
</ViewLink>
