<?xml version="1.0" encoding="windows-1252" ?>
<!DOCTYPE ViewObject SYSTEM "jbo_03_01.dtd">
<!---->
<ViewObject
  xmlns="http://xmlns.oracle.com/bc4j"
  Name="SalesRepViewObj"
  Version="12.1.3.19.31"
  InheritPersonalization="merge"
  SelectList="SEmp.COMMENTS, 
       SEmp.COMMISSION_PCT, 
       SEmp.DEPT_ID, 
       SEmp.EMAIL, 
       SEmp.FIRST_NAME, 
       SEmp.ID, 
       SEmp.LAST_NAME, 
       SEmp.MANAGER_ID, 
       SEmp.SALARY, 
       SEmp.START_DATE, 
       SEmp.TITLE_ID, 
       SEmp.USERID"
  FromList="S_EMP SEmp"
  Where="SEmp.TITLE_ID=2"
  BindingStyle="OracleName"
  CustomQuery="false"
  PageIterMode="Full">
  <Properties>
    <SchemaBasedProperties>
      <LABEL
        ResId="model.SalesRepViewObj_LABEL"/>
    </SchemaBasedProperties>
  </Properties>
  <EntityUsage
    Name="SEmp"
    Entity="model.SEmp"/>
  <ViewAttribute
    Name="Comments"
    PrecisionRule="true"
    EntityAttrName="Comments"
    EntityUsage="SEmp"
    AliasName="COMMENTS"/>
  <ViewAttribute
    Name="CommissionPct"
    PrecisionRule="true"
    EntityAttrName="CommissionPct"
    EntityUsage="SEmp"
    AliasName="COMMISSION_PCT"/>
  <ViewAttribute
    Name="DeptId"
    PrecisionRule="true"
    EntityAttrName="DeptId"
    EntityUsage="SEmp"
    AliasName="DEPT_ID"/>
  <ViewAttribute
    Name="Email"
    PrecisionRule="true"
    EntityAttrName="Email"
    EntityUsage="SEmp"
    AliasName="EMAIL"/>
  <ViewAttribute
    Name="FirstName"
    PrecisionRule="true"
    EntityAttrName="FirstName"
    EntityUsage="SEmp"
    AliasName="FIRST_NAME"/>
  <ViewAttribute
    Name="Id"
    IsNotNull="true"
    PrecisionRule="true"
    EntityAttrName="Id"
    EntityUsage="SEmp"
    AliasName="ID"/>
  <ViewAttribute
    Name="LastName"
    IsNotNull="true"
    PrecisionRule="true"
    EntityAttrName="LastName"
    EntityUsage="SEmp"
    AliasName="LAST_NAME"/>
  <ViewAttribute
    Name="ManagerId"
    PrecisionRule="true"
    EntityAttrName="ManagerId"
    EntityUsage="SEmp"
    AliasName="MANAGER_ID"/>
  <ViewAttribute
    Name="Salary"
    PrecisionRule="true"
    EntityAttrName="Salary"
    EntityUsage="SEmp"
    AliasName="SALARY"/>
  <ViewAttribute
    Name="StartDate"
    PrecisionRule="true"
    EntityAttrName="StartDate"
    EntityUsage="SEmp"
    AliasName="START_DATE"/>
  <ViewAttribute
    Name="TitleId"
    PrecisionRule="true"
    EntityAttrName="TitleId"
    EntityUsage="SEmp"
    AliasName="TITLE_ID"/>
  <ViewAttribute
    Name="Userid"
    IsUnique="true"
    PrecisionRule="true"
    EntityAttrName="Userid"
    EntityUsage="SEmp"
    AliasName="USERID"/>
  <ViewAttribute
    Name="TotalSales"
    IsUpdateable="false"
    IsSelected="false"
    IsPersistent="false"
    PrecisionRule="true"
    Type="java.lang.Double"
    ColumnType="DOUBLE PRECISION"
    AliasName="VIEW_ATTR"
    SQLType="DOUBLE">
    <TransientExpression
      trustMode="untrusted"><![CDATA[SOrdView.sum ('Total')]]></TransientExpression>
    <RecalcCondition
      trustMode="untrusted"><![CDATA[true]]></RecalcCondition>
  </ViewAttribute>
  <ViewLinkAccessor
    Name="SOrdView"
    ViewLink="model.SalesRepOrderViewLink"
    Type="oracle.jbo.RowIterator"
    IsUpdateable="false"/>
  <ViewLinkAccessor
    Name="SCustomerView"
    ViewLink="model.SalesRepCustomerViewLink"
    Type="oracle.jbo.RowIterator"
    IsUpdateable="false"/>
  <ResourceBundle>
    <PropertiesBundle
      PropertiesFile="model.ModelBundle"/>
  </ResourceBundle>
</ViewObject>
