<?xml version="1.0" encoding="windows-1252" ?>
<!DOCTYPE ViewLink SYSTEM "jbo_03_01.dtd">
<!---->
<ViewLink
  xmlns="http://xmlns.oracle.com/bc4j"
  Name="SCountriesFkLink"
  Version="12.1.2.62.49"
  InheritPersonalization="true"
  EntityAssociation="model.SCountriesFkAssoc">
  <ViewLinkDefEnd
    Name="SRegionView"
    Cardinality="1"
    Source="true"
    Owner="model.SRegionView">
    <DesignTime>
      <Attr Name="_finderName" Value="SRegionView"/>
      <Attr Name="_isUpdateable" Value="true"/>
    </DesignTime>
    <AttrArray Name="Attributes">
      <Item Value="model.SRegionView.Id"/>
    </AttrArray>
  </ViewLinkDefEnd>
  <ViewLinkDefEnd
    Name="SCountriesView"
    Cardinality="-1"
    Owner="model.SCountriesView">
    <DesignTime>
      <Attr Name="_finderName" Value="SCountriesView"/>
      <Attr Name="_isUpdateable" Value="true"/>
    </DesignTime>
    <AttrArray Name="Attributes">
      <Item Value="model.SCountriesView.RegionId"/>
    </AttrArray>
  </ViewLinkDefEnd>
</ViewLink>
