<?xml version="1.0" encoding="windows-1252" ?>
<!DOCTYPE Entity SYSTEM "jbo_03_01.dtd">
<!---->
<Entity
  xmlns="http://xmlns.oracle.com/bc4j"
  Name="SCountries"
  Version="12.1.3.19.31"
  InheritPersonalization="true"
  DBObjectType="table"
  DBObjectName="S_COUNTRIES"
  AliasName="SCountries"
  BindingStyle="OracleName">
  <Attribute
    Name="Id"
    IsNotNull="true"
    Precision="7"
    Scale="0"
    ColumnName="ID"
    SQLType="NUMERIC"
    Type="java.lang.Integer"
    ColumnType="NUMBER"
    TableName="S_COUNTRIES"
    PrimaryKey="true"/>
  <Attribute
    Name="Country"
    IsUnique="true"
    Precision="50"
    ColumnName="COUNTRY"
    SQLType="VARCHAR"
    Type="java.lang.String"
    ColumnType="VARCHAR2"
    TableName="S_COUNTRIES">
    <DesignTime>
      <Attr Name="_DisplaySize" Value="50"/>
    </DesignTime>
  </Attribute>
  <Attribute
    Name="RegionId"
    Precision="7"
    Scale="0"
    ColumnName="REGION_ID"
    SQLType="NUMERIC"
    Type="java.lang.Integer"
    ColumnType="NUMBER"
    TableName="S_COUNTRIES"/>
  <Attribute
    Name="CountryCode"
    Precision="2"
    ColumnName="COUNTRY_CODE"
    SQLType="VARCHAR"
    Type="java.lang.String"
    ColumnType="VARCHAR2"
    TableName="S_COUNTRIES">
    <DesignTime>
      <Attr Name="_DisplaySize" Value="2"/>
    </DesignTime>
  </Attribute>
  <AccessorAttribute
    Name="SRegion"
    Association="model.SCountriesFkAssoc"
    AssociationEnd="model.SCountriesFkAssoc.SRegion"
    AssociationOtherEnd="model.SCountriesFkAssoc.SCountries"
    Type="oracle.jbo.server.EntityImpl"
    IsUpdateable="true"/>
  <Key
    Name="SCountriesPk"
    PrimaryKey="true">
    <DesignTime>
      <Attr Name="_DBObjectName" Value="S_COUNTRIES_PK"/>
    </DesignTime>
    <AttrArray Name="Attributes">
      <Item Value="model.SCountries.Id"/>
    </AttrArray>
  </Key>
  <Key
    Name="SCountriesUk">
    <DesignTime>
      <Attr Name="_isUnique" Value="true"/>
      <Attr Name="_DBObjectName" Value="S_COUNTRIES_UK"/>
    </DesignTime>
    <AttrArray Name="Attributes">
      <Item Value="model.SCountries.Country"/>
    </AttrArray>
  </Key>
  <Key
    Name="SCountriesFk">
    <DesignTime>
      <Attr Name="_referencedKey" Value="S_REGION_ID_PK"/>
      <Attr Name="_isForeign" Value="true"/>
      <Attr Name="_DBObjectName" Value="S_COUNTRIES_FK"/>
    </DesignTime>
    <AttrArray Name="Attributes">
      <Item Value="model.SCountries.RegionId"/>
    </AttrArray>
  </Key>
</Entity>
