<?xml version="1.0" encoding="windows-1252" ?>
<!DOCTYPE Association SYSTEM "jbo_03_01.dtd">
<!---->
<Association
  xmlns="http://xmlns.oracle.com/bc4j"
  Name="SCountriesFkAssoc"
  Version="12.1.2.62.49"
  InheritPersonalization="true">
  <DesignTime>
    <Attr Name="_isCodegen" Value="true"/>
  </DesignTime>
  <AssociationEnd
    Name="SRegion"
    Cardinality="1"
    Source="true"
    Owner="model.SRegion">
    <DesignTime>
      <Attr Name="_aggregation" Value="0"/>
      <Attr Name="_finderName" Value="SRegion"/>
      <Attr Name="_foreignKey" Value="model.SRegion.SRegionIdPk"/>
      <Attr Name="_isUpdateable" Value="true"/>
    </DesignTime>
    <AttrArray Name="Attributes">
      <Item Value="model.SRegion.Id"/>
    </AttrArray>
  </AssociationEnd>
  <AssociationEnd
    Name="SCountries"
    Cardinality="-1"
    Owner="model.SCountries">
    <DesignTime>
      <Attr Name="_aggregation" Value="0"/>
      <Attr Name="_finderName" Value="SCountries"/>
      <Attr Name="_foreignKey" Value="model.SCountries.SCountriesFk"/>
      <Attr Name="_isUpdateable" Value="true"/>
    </DesignTime>
    <AttrArray Name="Attributes">
      <Item Value="model.SCountries.RegionId"/>
    </AttrArray>
  </AssociationEnd>
</Association>
