<?xml version="1.0" encoding="windows-1252" ?>
<!DOCTYPE ViewLink SYSTEM "jbo_03_01.dtd">
<!---->
<ViewLink
  xmlns="http://xmlns.oracle.com/bc4j"
  Name="SEmpDeptIdFkLink"
  Version="12.1.2.63.37"
  InheritPersonalization="true"
  EntityAssociation="model.SEmpDeptIdFkAssoc">
  <ViewLinkDefEnd
    Name="SDeptView"
    Cardinality="1"
    Source="true"
    Owner="model.SDeptView">
    <DesignTime>
      <Attr Name="_finderName" Value="SDeptView"/>
      <Attr Name="_isUpdateable" Value="true"/>
    </DesignTime>
    <AttrArray Name="Attributes">
      <Item Value="model.SDeptView.Id"/>
    </AttrArray>
  </ViewLinkDefEnd>
  <ViewLinkDefEnd
    Name="SEmpView"
    Cardinality="-1"
    Owner="model.SEmpView">
    <DesignTime>
      <Attr Name="_finderName" Value="SEmpView"/>
      <Attr Name="_isUpdateable" Value="true"/>
    </DesignTime>
    <AttrArray Name="Attributes">
      <Item Value="model.SEmpView.DeptId"/>
    </AttrArray>
  </ViewLinkDefEnd>
</ViewLink>
