<?xml version="1.0" encoding="windows-1252" ?>
<!DOCTYPE Entity SYSTEM "jbo_03_01.dtd">
<!---->
<Entity
  xmlns="http://xmlns.oracle.com/bc4j"
  Name="SEmp"
  Version="12.1.2.65.67"
  InheritPersonalization="true"
  DBObjectType="table"
  DBObjectName="S_EMP"
  AliasName="SEmp"
  BindingStyle="OracleName">
  <Attribute
    Name="Id"
    IsNotNull="true"
    Precision="7"
    Scale="0"
    ColumnName="ID"
    SQLType="NUMERIC"
    Type="java.lang.Integer"
    ColumnType="NUMBER"
    TableName="S_EMP"
    PrimaryKey="true"/>
  <Attribute
    Name="LastName"
    IsNotNull="true"
    Precision="25"
    ColumnName="LAST_NAME"
    SQLType="VARCHAR"
    Type="java.lang.String"
    ColumnType="VARCHAR2"
    TableName="S_EMP">
    <DesignTime>
      <Attr Name="_DisplaySize" Value="25"/>
    </DesignTime>
  </Attribute>
  <Attribute
    Name="FirstName"
    Precision="25"
    ColumnName="FIRST_NAME"
    SQLType="VARCHAR"
    Type="java.lang.String"
    ColumnType="VARCHAR2"
    TableName="S_EMP">
    <DesignTime>
      <Attr Name="_DisplaySize" Value="25"/>
    </DesignTime>
    <Properties>
      <SchemaBasedProperties>
        <LABEL
          ResId="model.SEmp.FirstName_LABEL"/>
        <TOOLTIP
          ResId="model.SEmp.FirstName_TOOLTIP"/>
      </SchemaBasedProperties>
    </Properties>
  </Attribute>
  <Attribute
    Name="Userid"
    IsUnique="true"
    Precision="8"
    ColumnName="USERID"
    SQLType="VARCHAR"
    Type="java.lang.String"
    ColumnType="VARCHAR2"
    TableName="S_EMP">
    <DesignTime>
      <Attr Name="_DisplaySize" Value="8"/>
    </DesignTime>
    <Properties>
      <SchemaBasedProperties>
        <LABEL
          ResId="model.SEmp.Userid_LABEL"/>
        <TOOLTIP
          ResId="model.SEmp.Userid_TOOLTIP"/>
      </SchemaBasedProperties>
    </Properties>
  </Attribute>
  <Attribute
    Name="StartDate"
    ColumnName="START_DATE"
    SQLType="DATE"
    Type="java.sql.Timestamp"
    ColumnType="DATE"
    TableName="S_EMP">
    <Properties>
      <SchemaBasedProperties>
        <LABEL
          ResId="model.SEmp.StartDate_LABEL"/>
        <TOOLTIP
          ResId="model.SEmp.StartDate_TOOLTIP"/>
      </SchemaBasedProperties>
    </Properties>
  </Attribute>
  <Attribute
    Name="Comments"
    Precision="255"
    ColumnName="COMMENTS"
    SQLType="VARCHAR"
    Type="java.lang.String"
    ColumnType="VARCHAR2"
    TableName="S_EMP">
    <DesignTime>
      <Attr Name="_DisplaySize" Value="255"/>
    </DesignTime>
    <Properties>
      <SchemaBasedProperties>
        <LABEL
          ResId="model.SEmp.Comments_LABEL"/>
        <TOOLTIP
          ResId="model.SEmp.Comments_TOOLTIP"/>
      </SchemaBasedProperties>
    </Properties>
  </Attribute>
  <Attribute
    Name="ManagerId"
    Precision="7"
    Scale="0"
    ColumnName="MANAGER_ID"
    SQLType="NUMERIC"
    Type="java.lang.Integer"
    ColumnType="NUMBER"
    TableName="S_EMP">
    <Properties>
      <SchemaBasedProperties>
        <LABEL
          ResId="model.SEmp.ManagerId_LABEL"/>
        <TOOLTIP
          ResId="model.SEmp.ManagerId_TOOLTIP"/>
      </SchemaBasedProperties>
    </Properties>
  </Attribute>
  <Attribute
    Name="TitleId"
    ColumnName="TITLE_ID"
    SQLType="NUMERIC"
    Type="java.math.BigDecimal"
    ColumnType="NUMBER"
    TableName="S_EMP">
    <Properties>
      <SchemaBasedProperties>
        <LABEL
          ResId="model.SEmp.TitleId_LABEL"/>
        <TOOLTIP
          ResId="model.SEmp.TitleId_TOOLTIP"/>
      </SchemaBasedProperties>
    </Properties>
  </Attribute>
  <Attribute
    Name="DeptId"
    Precision="7"
    Scale="0"
    ColumnName="DEPT_ID"
    SQLType="NUMERIC"
    Type="java.lang.Integer"
    ColumnType="NUMBER"
    TableName="S_EMP">
    <Properties>
      <SchemaBasedProperties>
        <LABEL
          ResId="model.SEmp.DeptId_LABEL"/>
        <TOOLTIP
          ResId="model.SEmp.DeptId_TOOLTIP"/>
      </SchemaBasedProperties>
    </Properties>
  </Attribute>
  <Attribute
    Name="Salary"
    Precision="11"
    Scale="2"
    ColumnName="SALARY"
    SQLType="NUMERIC"
    Type="java.math.BigDecimal"
    ColumnType="NUMBER"
    TableName="S_EMP"/>
  <Attribute
    Name="CommissionPct"
    Precision="4"
    Scale="2"
    ColumnName="COMMISSION_PCT"
    SQLType="NUMERIC"
    Type="java.math.BigDecimal"
    ColumnType="NUMBER"
    TableName="S_EMP">
    <Properties>
      <SchemaBasedProperties>
        <LABEL
          ResId="model.SEmp.CommissionPct_LABEL"/>
        <TOOLTIP
          ResId="model.SEmp.CommissionPct_TOOLTIP"/>
      </SchemaBasedProperties>
    </Properties>
  </Attribute>
  <Attribute
    Name="Email"
    Precision="100"
    ColumnName="EMAIL"
    SQLType="VARCHAR"
    Type="java.lang.String"
    ColumnType="VARCHAR2"
    TableName="S_EMP">
    <DesignTime>
      <Attr Name="_DisplaySize" Value="100"/>
    </DesignTime>
    <Properties>
      <SchemaBasedProperties>
        <LABEL
          ResId="model.SEmp.Email_LABEL"/>
        <TOOLTIP
          ResId="model.SEmp.Email_TOOLTIP"/>
      </SchemaBasedProperties>
    </Properties>
  </Attribute>
  <AccessorAttribute
    Name="SEmp"
    Association="model.SEmpManagerIdFkAssoc"
    AssociationEnd="model.SEmpManagerIdFkAssoc.SEmp"
    AssociationOtherEnd="model.SEmpManagerIdFkAssoc.ManagerIdSEmp"
    Type="oracle.jbo.RowIterator"
    IsUpdateable="false"/>
  <AccessorAttribute
    Name="ManagerIdSEmp"
    Association="model.SEmpManagerIdFkAssoc"
    AssociationEnd="model.SEmpManagerIdFkAssoc.ManagerIdSEmp"
    AssociationOtherEnd="model.SEmpManagerIdFkAssoc.SEmp"
    Type="oracle.jbo.server.EntityImpl"
    IsUpdateable="true"/>
  <AccessorAttribute
    Name="SDept"
    Association="model.SEmpDeptIdFkAssoc"
    AssociationEnd="model.SEmpDeptIdFkAssoc.SDept"
    AssociationOtherEnd="model.SEmpDeptIdFkAssoc.SEmp"
    Type="oracle.jbo.server.EntityImpl"
    IsUpdateable="true"/>
  <AccessorAttribute
    Name="SOrd"
    Association="model.SOrdSalesRepIdFkAssoc"
    AssociationEnd="model.SOrdSalesRepIdFkAssoc.SOrd"
    AssociationOtherEnd="model.SOrdSalesRepIdFkAssoc.SEmp"
    Type="oracle.jbo.RowIterator"
    IsUpdateable="false"/>
  <AccessorAttribute
    Name="SCustomer"
    Association="model.SSalesRepIdFkAssoc"
    AssociationEnd="model.SSalesRepIdFkAssoc.SCustomer"
    AssociationOtherEnd="model.SSalesRepIdFkAssoc.SEmp"
    Type="oracle.jbo.RowIterator"
    IsUpdateable="false"/>
  <Key
    Name="SEmpCommissionPctCk">
    <DesignTime>
      <Attr Name="_DBObjectName" Value="S_EMP_COMMISSION_PCT_CK"/>
      <Attr Name="_checkCondition" Value="COMMISSION_PCT IN (10, 12.5, 15, 17.5, 20)"/>
      <Attr Name="_isCheck" Value="true"/>
    </DesignTime>
    <AttrArray Name="Attributes"/>
  </Key>
  <Key
    Name="SEmpIdNn">
    <DesignTime>
      <Attr Name="_DBObjectName" Value="S_EMP_ID_NN"/>
      <Attr Name="_checkCondition" Value="ID IS NOT NULL"/>
      <Attr Name="_isCheck" Value="true"/>
    </DesignTime>
    <AttrArray Name="Attributes"/>
  </Key>
  <Key
    Name="SEmpIdPk"
    PrimaryKey="true">
    <DesignTime>
      <Attr Name="_DBObjectName" Value="S_EMP_ID_PK"/>
    </DesignTime>
    <AttrArray Name="Attributes">
      <Item Value="model.SEmp.Id"/>
    </AttrArray>
  </Key>
  <Key
    Name="SEmpLastNameNn">
    <DesignTime>
      <Attr Name="_DBObjectName" Value="S_EMP_LAST_NAME_NN"/>
      <Attr Name="_checkCondition" Value="LAST_NAME IS NOT NULL"/>
      <Attr Name="_isCheck" Value="true"/>
    </DesignTime>
    <AttrArray Name="Attributes"/>
  </Key>
  <Key
    Name="SEmpUseridUk">
    <DesignTime>
      <Attr Name="_isUnique" Value="true"/>
      <Attr Name="_DBObjectName" Value="S_EMP_USERID_UK"/>
    </DesignTime>
    <AttrArray Name="Attributes">
      <Item Value="model.SEmp.Userid"/>
    </AttrArray>
  </Key>
  <Key
    Name="SEmpDeptIdFk">
    <DesignTime>
      <Attr Name="_referencedKey" Value="S_DEPT_ID_PK"/>
      <Attr Name="_isForeign" Value="true"/>
      <Attr Name="_DBObjectName" Value="S_EMP_DEPT_ID_FK"/>
    </DesignTime>
    <AttrArray Name="Attributes">
      <Item Value="model.SEmp.DeptId"/>
    </AttrArray>
  </Key>
  <Key
    Name="SEmpManagerIdFk">
    <DesignTime>
      <Attr Name="_referencedKey" Value="S_EMP_ID_PK"/>
      <Attr Name="_isForeign" Value="true"/>
      <Attr Name="_DBObjectName" Value="S_EMP_MANAGER_ID_FK"/>
    </DesignTime>
    <AttrArray Name="Attributes">
      <Item Value="model.SEmp.ManagerId"/>
    </AttrArray>
  </Key>
  <Key
    Name="SEmpSTitleFk1">
    <DesignTime>
      <Attr Name="_referencedKey" Value="S_TITLE_PK"/>
      <Attr Name="_isForeign" Value="true"/>
      <Attr Name="_DBObjectName" Value="S_EMP_S_TITLE_FK1"/>
    </DesignTime>
    <AttrArray Name="Attributes">
      <Item Value="model.SEmp.TitleId"/>
    </AttrArray>
  </Key>
  <ResourceBundle>
    <PropertiesBundle
      PropertiesFile="model.ModelBundle"/>
  </ResourceBundle>
</Entity>
