<?xml version="1.0" encoding="windows-1252" ?>
<!DOCTYPE Association SYSTEM "jbo_03_01.dtd">
<!---->
<Association
  xmlns="http://xmlns.oracle.com/bc4j"
  Name="SEmpManagerIdFkAssoc"
  Version="12.1.2.63.37"
  InheritPersonalization="true">
  <DesignTime>
    <Attr Name="_isCodegen" Value="true"/>
  </DesignTime>
  <AssociationEnd
    Name="ManagerIdSEmp"
    Cardinality="1"
    Source="true"
    Owner="model.SEmp">
    <DesignTime>
      <Attr Name="_aggregation" Value="0"/>
      <Attr Name="_finderName" Value="ManagerIdSEmp"/>
      <Attr Name="_foreignKey" Value="model.SEmp.SEmpIdPk"/>
      <Attr Name="_isUpdateable" Value="true"/>
    </DesignTime>
    <AttrArray Name="Attributes">
      <Item Value="model.SEmp.Id"/>
    </AttrArray>
  </AssociationEnd>
  <AssociationEnd
    Name="SEmp"
    Cardinality="-1"
    Owner="model.SEmp">
    <DesignTime>
      <Attr Name="_aggregation" Value="0"/>
      <Attr Name="_finderName" Value="SEmp"/>
      <Attr Name="_foreignKey" Value="model.SEmp.SEmpManagerIdFk"/>
      <Attr Name="_isUpdateable" Value="true"/>
    </DesignTime>
    <AttrArray Name="Attributes">
      <Item Value="model.SEmp.ManagerId"/>
    </AttrArray>
  </AssociationEnd>
</Association>
