<?xml version="1.0" encoding="windows-1252" ?>
<!DOCTYPE ViewObject SYSTEM "jbo_03_01.dtd">
<!---->
<ViewObject
  xmlns="http://xmlns.oracle.com/bc4j"
  Name="SEmpView"
  Version="12.1.2.65.21"
  InheritPersonalization="true"
  SelectList="SEmp.ID, 
       SEmp.LAST_NAME, 
       SEmp.FIRST_NAME, 
       SEmp.USERID, 
       SEmp.START_DATE, 
       SEmp.COMMENTS, 
       SEmp.MANAGER_ID, 
       SEmp.TITLE_ID, 
       SEmp.DEPT_ID, 
       SEmp.SALARY, 
       SEmp.COMMISSION_PCT, 
       SEmp.EMAIL"
  FromList="S_EMP SEmp"
  BindingStyle="OracleName"
  CustomQuery="false"
  PageIterMode="Full">
  <EntityUsage
    Name="SEmp"
    Entity="model.SEmp"/>
  <ViewAttribute
    Name="Id"
    IsNotNull="true"
    PrecisionRule="true"
    EntityAttrName="Id"
    EntityUsage="SEmp"
    AliasName="ID">
    <Properties>
      <SchemaBasedProperties>
        <LABEL
          ResId="model.SEmpView.Id_LABEL"/>
        <TOOLTIP
          ResId="model.SEmpView.Id_TOOLTIP"/>
      </SchemaBasedProperties>
    </Properties>
  </ViewAttribute>
  <ViewAttribute
    Name="LastName"
    IsNotNull="true"
    PrecisionRule="true"
    EntityAttrName="LastName"
    EntityUsage="SEmp"
    AliasName="LAST_NAME">
    <Properties>
      <SchemaBasedProperties>
        <LABEL
          ResId="model.SEmpView.LastName_LABEL"/>
        <TOOLTIP
          ResId="model.SEmpView.LastName_TOOLTIP"/>
      </SchemaBasedProperties>
    </Properties>
  </ViewAttribute>
  <ViewAttribute
    Name="FirstName"
    PrecisionRule="true"
    EntityAttrName="FirstName"
    EntityUsage="SEmp"
    AliasName="FIRST_NAME"/>
  <ViewAttribute
    Name="Userid"
    IsUnique="true"
    PrecisionRule="true"
    EntityAttrName="Userid"
    EntityUsage="SEmp"
    AliasName="USERID"/>
  <ViewAttribute
    Name="StartDate"
    PrecisionRule="true"
    EntityAttrName="StartDate"
    EntityUsage="SEmp"
    AliasName="START_DATE"/>
  <ViewAttribute
    Name="Comments"
    PrecisionRule="true"
    EntityAttrName="Comments"
    EntityUsage="SEmp"
    AliasName="COMMENTS"/>
  <ViewAttribute
    Name="ManagerId"
    PrecisionRule="true"
    EntityAttrName="ManagerId"
    EntityUsage="SEmp"
    AliasName="MANAGER_ID"/>
  <ViewAttribute
    Name="TitleId"
    PrecisionRule="true"
    EntityAttrName="TitleId"
    EntityUsage="SEmp"
    AliasName="TITLE_ID"/>
  <ViewAttribute
    Name="DeptId"
    PrecisionRule="true"
    EntityAttrName="DeptId"
    EntityUsage="SEmp"
    AliasName="DEPT_ID"/>
  <ViewAttribute
    Name="Salary"
    PrecisionRule="true"
    EntityAttrName="Salary"
    EntityUsage="SEmp"
    AliasName="SALARY">
    <Properties>
      <SchemaBasedProperties>
        <LABEL
          ResId="model.SEmpView.Salary_LABEL"/>
        <TOOLTIP
          ResId="model.SEmpView.Salary_TOOLTIP"/>
      </SchemaBasedProperties>
    </Properties>
  </ViewAttribute>
  <ViewAttribute
    Name="CommissionPct"
    PrecisionRule="true"
    EntityAttrName="CommissionPct"
    EntityUsage="SEmp"
    AliasName="COMMISSION_PCT"/>
  <ViewAttribute
    Name="Email"
    PrecisionRule="true"
    EntityAttrName="Email"
    EntityUsage="SEmp"
    AliasName="EMAIL"/>
  <ViewLinkAccessor
    Name="SEmpView"
    ViewLink="model.SEmpManagerIdFkLink"
    Type="oracle.jbo.RowIterator"
    IsUpdateable="false"/>
  <ResourceBundle>
    <PropertiesBundle
      PropertiesFile="model.ModelBundle"/>
  </ResourceBundle>
</ViewObject>
