<?xml version="1.0" encoding="windows-1252" ?>
<!DOCTYPE ViewObject SYSTEM "jbo_03_01.dtd">
<!---->
<ViewObject
  xmlns="http://xmlns.oracle.com/bc4j"
  Name="SInventoryView"
  Version="12.1.2.62.49"
  InheritPersonalization="true"
  SelectList="SInventory.PRODUCT_ID, 
       SInventory.WAREHOUSE_ID, 
       SInventory.AMOUNT_IN_STOCK, 
       SInventory.REORDER_POINT, 
       SInventory.MAX_IN_STOCK, 
       SInventory.OUT_OF_STOCK_EXPLANATION, 
       SInventory.RESTOCK_DATE, 
       SProduct.NAME, 
       SProduct.SHORT_DESC, 
       SProduct.ID"
  FromList="S_INVENTORY SInventory, S_PRODUCT SProduct"
  BindingStyle="OracleName"
  CustomQuery="false"
  PageIterMode="Full"
  Where="SInventory.PRODUCT_ID = SProduct.ID">
  <EntityUsage
    Name="SInventory"
    Entity="model.SInventory"/>
  <EntityUsage
    Name="SProduct"
    Entity="model.SProduct"
    Association="model.SInventoryProductIdFkAssoc"
    AssociationEnd="model.SInventoryProductIdFkAssoc.SProduct"
    SourceUsage="model.SInventoryView.SInventory"
    ReadOnly="true"
    Reference="true"
    DeleteParticipant="false"
    JoinType="INNER JOIN">
    <DesignTime>
      <AttrArray Name="_srcAttributes">
        <Item Value="model.SInventory.ProductId"/>
      </AttrArray>
      <AttrArray Name="_dstAttributes">
        <Item Value="model.SProduct.Id"/>
      </AttrArray>
    </DesignTime>
  </EntityUsage>
  <ViewAttribute
    Name="ProductId"
    IsNotNull="true"
    PrecisionRule="true"
    EntityAttrName="ProductId"
    EntityUsage="SInventory"
    AliasName="PRODUCT_ID"/>
  <ViewAttribute
    Name="WarehouseId"
    IsNotNull="true"
    PrecisionRule="true"
    EntityAttrName="WarehouseId"
    EntityUsage="SInventory"
    AliasName="WAREHOUSE_ID"/>
  <ViewAttribute
    Name="AmountInStock"
    PrecisionRule="true"
    EntityAttrName="AmountInStock"
    EntityUsage="SInventory"
    AliasName="AMOUNT_IN_STOCK"/>
  <ViewAttribute
    Name="ReorderPoint"
    PrecisionRule="true"
    EntityAttrName="ReorderPoint"
    EntityUsage="SInventory"
    AliasName="REORDER_POINT"/>
  <ViewAttribute
    Name="MaxInStock"
    PrecisionRule="true"
    EntityAttrName="MaxInStock"
    EntityUsage="SInventory"
    AliasName="MAX_IN_STOCK"/>
  <ViewAttribute
    Name="OutOfStockExplanation"
    PrecisionRule="true"
    EntityAttrName="OutOfStockExplanation"
    EntityUsage="SInventory"
    AliasName="OUT_OF_STOCK_EXPLANATION"/>
  <ViewAttribute
    Name="RestockDate"
    PrecisionRule="true"
    EntityAttrName="RestockDate"
    EntityUsage="SInventory"
    AliasName="RESTOCK_DATE"/>
  <ViewAttribute
    Name="Name"
    IsUnique="true"
    IsNotNull="true"
    PrecisionRule="true"
    EntityAttrName="Name"
    EntityUsage="SProduct"
    AliasName="NAME"/>
  <ViewAttribute
    Name="ShortDesc"
    PrecisionRule="true"
    EntityAttrName="ShortDesc"
    EntityUsage="SProduct"
    AliasName="SHORT_DESC"/>
  <ViewAttribute
    Name="Id"
    IsNotNull="true"
    PrecisionRule="true"
    EntityAttrName="Id"
    EntityUsage="SProduct"
    AliasName="ID"/>
  <AttrArray Name="KeyAttributes">
    <Item Value="ProductId"/>
    <Item Value="WarehouseId"/>
  </AttrArray>
</ViewObject>
