<?xml version="1.0" encoding="windows-1252" ?>
<!DOCTYPE Entity SYSTEM "jbo_03_01.dtd">
<!---->
<Entity
  xmlns="http://xmlns.oracle.com/bc4j"
  Name="SInventory"
  Version="12.1.2.63.48"
  InheritPersonalization="true"
  DBObjectType="table"
  DBObjectName="S_INVENTORY"
  AliasName="SInventory"
  BindingStyle="OracleName">
  <Attribute
    Name="ProductId"
    IsNotNull="true"
    Precision="7"
    Scale="0"
    ColumnName="PRODUCT_ID"
    SQLType="NUMERIC"
    Type="java.lang.Integer"
    ColumnType="NUMBER"
    TableName="S_INVENTORY"
    PrimaryKey="true"/>
  <Attribute
    Name="WarehouseId"
    IsNotNull="true"
    Precision="7"
    Scale="0"
    ColumnName="WAREHOUSE_ID"
    SQLType="NUMERIC"
    Type="java.lang.Integer"
    ColumnType="NUMBER"
    TableName="S_INVENTORY"
    PrimaryKey="true"/>
  <Attribute
    Name="AmountInStock"
    Precision="9"
    Scale="0"
    ColumnName="AMOUNT_IN_STOCK"
    SQLType="NUMERIC"
    Type="java.lang.Integer"
    ColumnType="NUMBER"
    TableName="S_INVENTORY"/>
  <Attribute
    Name="ReorderPoint"
    Precision="9"
    Scale="0"
    ColumnName="REORDER_POINT"
    SQLType="NUMERIC"
    Type="java.lang.Integer"
    ColumnType="NUMBER"
    TableName="S_INVENTORY"/>
  <Attribute
    Name="MaxInStock"
    Precision="9"
    Scale="0"
    ColumnName="MAX_IN_STOCK"
    SQLType="NUMERIC"
    Type="java.lang.Integer"
    ColumnType="NUMBER"
    TableName="S_INVENTORY"/>
  <Attribute
    Name="OutOfStockExplanation"
    Precision="255"
    ColumnName="OUT_OF_STOCK_EXPLANATION"
    SQLType="VARCHAR"
    Type="java.lang.String"
    ColumnType="VARCHAR2"
    TableName="S_INVENTORY">
    <DesignTime>
      <Attr Name="_DisplaySize" Value="255"/>
    </DesignTime>
  </Attribute>
  <Attribute
    Name="RestockDate"
    ColumnName="RESTOCK_DATE"
    SQLType="DATE"
    Type="java.sql.Timestamp"
    ColumnType="DATE"
    TableName="S_INVENTORY"/>
  <AccessorAttribute
    Name="SProduct"
    Association="model.SInventoryProductIdFkAssoc"
    AssociationEnd="model.SInventoryProductIdFkAssoc.SProduct"
    AssociationOtherEnd="model.SInventoryProductIdFkAssoc.SInventory"
    Type="oracle.jbo.server.EntityImpl"
    IsUpdateable="true"/>
  <AccessorAttribute
    Name="SWarehouse"
    Association="model.SInventoryWarehouseIdFkAssoc"
    AssociationEnd="model.SInventoryWarehouseIdFkAssoc.SWarehouse"
    AssociationOtherEnd="model.SInventoryWarehouseIdFkAssoc.SInventory"
    Type="oracle.jbo.server.EntityImpl"
    IsUpdateable="true"/>
  <Key
    Name="SInventoryProdidWaridPk"
    PrimaryKey="true">
    <DesignTime>
      <Attr Name="_DBObjectName" Value="S_INVENTORY_PRODID_WARID_PK"/>
    </DesignTime>
    <AttrArray Name="Attributes">
      <Item Value="model.SInventory.ProductId"/>
      <Item Value="model.SInventory.WarehouseId"/>
    </AttrArray>
  </Key>
  <Key
    Name="SInventoryProductIdNn">
    <DesignTime>
      <Attr Name="_DBObjectName" Value="S_INVENTORY_PRODUCT_ID_NN"/>
      <Attr Name="_checkCondition" Value="PRODUCT_ID IS NOT NULL"/>
      <Attr Name="_isCheck" Value="true"/>
    </DesignTime>
    <AttrArray Name="Attributes"/>
  </Key>
  <Key
    Name="SInventoryWarehouseIdNn">
    <DesignTime>
      <Attr Name="_DBObjectName" Value="S_INVENTORY_WAREHOUSE_ID_NN"/>
      <Attr Name="_checkCondition" Value="WAREHOUSE_ID IS NOT NULL"/>
      <Attr Name="_isCheck" Value="true"/>
    </DesignTime>
    <AttrArray Name="Attributes"/>
  </Key>
  <Key
    Name="SInventoryProductIdFk">
    <DesignTime>
      <Attr Name="_referencedKey" Value="S_PRODUCT_ID_PK"/>
      <Attr Name="_isForeign" Value="true"/>
      <Attr Name="_DBObjectName" Value="S_INVENTORY_PRODUCT_ID_FK"/>
    </DesignTime>
    <AttrArray Name="Attributes">
      <Item Value="model.SInventory.ProductId"/>
    </AttrArray>
  </Key>
  <Key
    Name="SInventoryWarehouseIdFk">
    <DesignTime>
      <Attr Name="_referencedKey" Value="S_WAREHOUSE_ID_PK"/>
      <Attr Name="_isForeign" Value="true"/>
      <Attr Name="_DBObjectName" Value="S_INVENTORY_WAREHOUSE_ID_FK"/>
    </DesignTime>
    <AttrArray Name="Attributes">
      <Item Value="model.SInventory.WarehouseId"/>
    </AttrArray>
  </Key>
</Entity>
