<?xml version="1.0" encoding="windows-1252" ?>
<!DOCTYPE ViewLink SYSTEM "jbo_03_01.dtd">
<!---->
<ViewLink
  xmlns="http://xmlns.oracle.com/bc4j"
  Name="SInventoryWarehouseIdFkLink"
  Version="12.1.2.62.49"
  InheritPersonalization="true"
  EntityAssociation="model.SInventoryWarehouseIdFkAssoc">
  <ViewLinkDefEnd
    Name="SWarehouseView"
    Cardinality="1"
    Source="true"
    Owner="model.SWarehouseView">
    <DesignTime>
      <Attr Name="_finderName" Value="SWarehouseView"/>
      <Attr Name="_isUpdateable" Value="true"/>
      <Attr Name="_minCardinality" Value="1"/>
    </DesignTime>
    <AttrArray Name="Attributes">
      <Item Value="model.SWarehouseView.Id"/>
    </AttrArray>
  </ViewLinkDefEnd>
  <ViewLinkDefEnd
    Name="SInventoryView"
    Cardinality="-1"
    Owner="model.SInventoryView">
    <DesignTime>
      <Attr Name="_finderName" Value="SInventoryView"/>
      <Attr Name="_isUpdateable" Value="true"/>
    </DesignTime>
    <AttrArray Name="Attributes">
      <Item Value="model.SInventoryView.WarehouseId"/>
    </AttrArray>
  </ViewLinkDefEnd>
</ViewLink>
