<?xml version="1.0" encoding="windows-1252" ?>
<!DOCTYPE ViewLink SYSTEM "jbo_03_01.dtd">
<!---->
<ViewLink
  xmlns="http://xmlns.oracle.com/bc4j"
  Name="SItemProductIdFkLink"
  Version="12.1.2.65.67"
  InheritPersonalization="merge"
  EntityAssociation="model.SItemProductIdFkAssoc">
  <ViewLinkDefEnd
    Name="SProductView"
    Cardinality="1"
    Source="true"
    Owner="model.SProductView">
    <DesignTime>
      <Attr Name="_finderName" Value="SProductView"/>
      <Attr Name="_isUpdateable" Value="true"/>
      <Attr Name="_minCardinality" Value="1"/>
    </DesignTime>
    <AttrArray Name="Attributes">
      <Item Value="model.SProductView.Id"/>
    </AttrArray>
  </ViewLinkDefEnd>
  <ViewLinkDefEnd
    Name="SItemView"
    Cardinality="-1"
    Owner="model.SItemView">
    <DesignTime>
      <Attr Name="_finderName" Value="SItemView"/>
      <Attr Name="_isUpdateable" Value="true"/>
    </DesignTime>
    <AttrArray Name="Attributes">
      <Item Value="model.SItemView.ProductId"/>
    </AttrArray>
  </ViewLinkDefEnd>
</ViewLink>
