<?xml version="1.0" encoding="windows-1252" ?>
<!DOCTYPE ViewLink SYSTEM "jbo_03_01.dtd">
<!---->
<ViewLink
  xmlns="http://xmlns.oracle.com/bc4j"
  Name="SItemOrdIdFkLink"
  Version="12.1.2.65.67"
  InheritPersonalization="merge"
  EntityAssociation="model.SItemOrdIdFkAssoc">
  <ViewLinkDefEnd
    Name="SOrdView"
    Cardinality="1"
    Source="true"
    Owner="model.SOrdView">
    <DesignTime>
      <Attr Name="_finderName" Value="SOrdView"/>
      <Attr Name="_isUpdateable" Value="true"/>
      <Attr Name="_minCardinality" Value="1"/>
    </DesignTime>
    <AttrArray Name="Attributes">
      <Item Value="model.SOrdView.Id"/>
    </AttrArray>
  </ViewLinkDefEnd>
  <ViewLinkDefEnd
    Name="SItemView"
    Cardinality="-1"
    Owner="model.SItemView">
    <DesignTime>
      <Attr Name="_finderName" Value="SItemView"/>
      <Attr Name="_isUpdateable" Value="true"/>
    </DesignTime>
    <AttrArray Name="Attributes">
      <Item Value="model.SItemView.OrdId"/>
    </AttrArray>
  </ViewLinkDefEnd>
</ViewLink>
