<?xml version="1.0" encoding="windows-1252" ?>
<!DOCTYPE Association SYSTEM "jbo_03_01.dtd">
<!---->
<Association
  xmlns="http://xmlns.oracle.com/bc4j"
  Name="SItemOrdIdFkAssoc"
  Version="12.1.2.65.67"
  InheritPersonalization="merge">
  <DesignTime>
    <Attr Name="_isCodegen" Value="true"/>
  </DesignTime>
  <AssociationEnd
    Name="SOrd"
    Cardinality="1"
    Source="true"
    Owner="model.SOrd">
    <DesignTime>
      <Attr Name="_aggregation" Value="0"/>
      <Attr Name="_finderName" Value="SOrd"/>
      <Attr Name="_foreignKey" Value="model.SOrd.SOrdIdPk"/>
      <Attr Name="_isUpdateable" Value="true"/>
      <Attr Name="_minCardinality" Value="1"/>
    </DesignTime>
    <AttrArray Name="Attributes">
      <Item Value="model.SOrd.Id"/>
    </AttrArray>
  </AssociationEnd>
  <AssociationEnd
    Name="SItem"
    Cardinality="-1"
    Owner="model.SItem">
    <DesignTime>
      <Attr Name="_aggregation" Value="0"/>
      <Attr Name="_finderName" Value="SItem"/>
      <Attr Name="_foreignKey" Value="model.SItem.SItemOrdIdFk"/>
      <Attr Name="_isUpdateable" Value="true"/>
    </DesignTime>
    <AttrArray Name="Attributes">
      <Item Value="model.SItem.OrdId"/>
    </AttrArray>
  </AssociationEnd>
</Association>
