<?xml version="1.0" encoding="windows-1252" ?>
<!DOCTYPE Entity SYSTEM "jbo_03_01.dtd">
<!---->
<Entity
  xmlns="http://xmlns.oracle.com/bc4j"
  Name="SItem"
  Version="12.1.2.66.1"
  InheritPersonalization="merge"
  DBObjectType="table"
  DBObjectName="S_ITEM"
  AliasName="SItem"
  BindingStyle="OracleName">
  <Attribute
    Name="OrdId"
    IsUnique="true"
    IsNotNull="true"
    Precision="7"
    Scale="0"
    ColumnName="ORD_ID"
    SQLType="NUMERIC"
    Type="java.lang.Integer"
    ColumnType="NUMBER"
    TableName="S_ITEM"
    PrimaryKey="true"/>
  <Attribute
    Name="ItemId"
    IsNotNull="true"
    Precision="7"
    Scale="0"
    ColumnName="ITEM_ID"
    SQLType="NUMERIC"
    Type="java.lang.Integer"
    ColumnType="NUMBER"
    TableName="S_ITEM"
    PrimaryKey="true"/>
  <Attribute
    Name="ProductId"
    IsUnique="true"
    IsNotNull="true"
    Precision="7"
    Scale="0"
    ColumnName="PRODUCT_ID"
    SQLType="NUMERIC"
    Type="java.lang.Integer"
    ColumnType="NUMBER"
    TableName="S_ITEM"/>
  <Attribute
    Name="Price"
    Precision="11"
    Scale="2"
    ColumnName="PRICE"
    SQLType="NUMERIC"
    Type="java.math.BigDecimal"
    ColumnType="NUMBER"
    TableName="S_ITEM"/>
  <Attribute
    Name="Quantity"
    Precision="9"
    Scale="0"
    ColumnName="QUANTITY"
    SQLType="NUMERIC"
    Type="java.lang.Integer"
    ColumnType="NUMBER"
    TableName="S_ITEM"/>
  <Attribute
    Name="QuantityShipped"
    Precision="9"
    Scale="0"
    ColumnName="QUANTITY_SHIPPED"
    SQLType="NUMERIC"
    Type="java.lang.Integer"
    ColumnType="NUMBER"
    TableName="S_ITEM"/>
  <AccessorAttribute
    Name="SProduct"
    Association="model.SItemProductIdFkAssoc"
    AssociationEnd="model.SItemProductIdFkAssoc.SProduct"
    AssociationOtherEnd="model.SItemProductIdFkAssoc.SItem"
    Type="oracle.jbo.server.EntityImpl"
    IsUpdateable="true"/>
  <AccessorAttribute
    Name="SOrd"
    Association="model.SItemOrdIdFkAssoc"
    AssociationEnd="model.SItemOrdIdFkAssoc.SOrd"
    AssociationOtherEnd="model.SItemOrdIdFkAssoc.SItem"
    Type="oracle.jbo.server.EntityImpl"
    IsUpdateable="true"/>
  <Key
    Name="SItemItemIdNn">
    <DesignTime>
      <Attr Name="_DBObjectName" Value="S_ITEM_ITEM_ID_NN"/>
      <Attr Name="_checkCondition" Value="ITEM_ID IS NOT NULL"/>
      <Attr Name="_isCheck" Value="true"/>
    </DesignTime>
    <AttrArray Name="Attributes"/>
  </Key>
  <Key
    Name="SItemOrdIdNn">
    <DesignTime>
      <Attr Name="_DBObjectName" Value="S_ITEM_ORD_ID_NN"/>
      <Attr Name="_checkCondition" Value="ORD_ID IS NOT NULL"/>
      <Attr Name="_isCheck" Value="true"/>
    </DesignTime>
    <AttrArray Name="Attributes"/>
  </Key>
  <Key
    Name="SItemOrdidItemidPk"
    PrimaryKey="true">
    <DesignTime>
      <Attr Name="_DBObjectName" Value="S_ITEM_ORDID_ITEMID_PK"/>
    </DesignTime>
    <AttrArray Name="Attributes">
      <Item Value="model.SItem.OrdId"/>
      <Item Value="model.SItem.ItemId"/>
    </AttrArray>
  </Key>
  <Key
    Name="SItemOrdidProdidUk">
    <DesignTime>
      <Attr Name="_isUnique" Value="true"/>
      <Attr Name="_DBObjectName" Value="S_ITEM_ORDID_PRODID_UK"/>
    </DesignTime>
    <AttrArray Name="Attributes">
      <Item Value="model.SItem.OrdId"/>
      <Item Value="model.SItem.ProductId"/>
    </AttrArray>
  </Key>
  <Key
    Name="SItemProductIdNn">
    <DesignTime>
      <Attr Name="_DBObjectName" Value="S_ITEM_PRODUCT_ID_NN"/>
      <Attr Name="_checkCondition" Value="PRODUCT_ID IS NOT NULL"/>
      <Attr Name="_isCheck" Value="true"/>
    </DesignTime>
    <AttrArray Name="Attributes"/>
  </Key>
  <Key
    Name="SItemOrdIdFk">
    <DesignTime>
      <Attr Name="_referencedKey" Value="S_ORD_ID_PK"/>
      <Attr Name="_isForeign" Value="true"/>
      <Attr Name="_DBObjectName" Value="S_ITEM_ORD_ID_FK"/>
    </DesignTime>
    <AttrArray Name="Attributes">
      <Item Value="model.SItem.OrdId"/>
    </AttrArray>
  </Key>
  <Key
    Name="SItemProductIdFk">
    <DesignTime>
      <Attr Name="_referencedKey" Value="S_PRODUCT_ID_PK"/>
      <Attr Name="_isForeign" Value="true"/>
      <Attr Name="_DBObjectName" Value="S_ITEM_PRODUCT_ID_FK"/>
    </DesignTime>
    <AttrArray Name="Attributes">
      <Item Value="model.SItem.ProductId"/>
    </AttrArray>
  </Key>
</Entity>
