<?xml version="1.0" encoding="windows-1252" ?>
<!DOCTYPE Association SYSTEM "jbo_03_01.dtd">
<!---->
<Association
  xmlns="http://xmlns.oracle.com/bc4j"
  Name="SOrdCustomerIdFkAssoc"
  Version="12.1.2.65.67"
  InheritPersonalization="merge">
  <DesignTime>
    <Attr Name="_isCodegen" Value="true"/>
  </DesignTime>
  <AssociationEnd
    Name="SCustomer"
    Cardinality="1"
    Source="true"
    Owner="model.SCustomer">
    <DesignTime>
      <Attr Name="_aggregation" Value="0"/>
      <Attr Name="_finderName" Value="SCustomer"/>
      <Attr Name="_foreignKey" Value="model.SCustomer.SCustomerIdPk"/>
      <Attr Name="_isUpdateable" Value="true"/>
      <Attr Name="_minCardinality" Value="1"/>
    </DesignTime>
    <AttrArray Name="Attributes">
      <Item Value="model.SCustomer.Id"/>
    </AttrArray>
  </AssociationEnd>
  <AssociationEnd
    Name="SOrd"
    Cardinality="-1"
    Owner="model.SOrd">
    <DesignTime>
      <Attr Name="_aggregation" Value="0"/>
      <Attr Name="_finderName" Value="SOrd"/>
      <Attr Name="_foreignKey" Value="model.SOrd.SOrdCustomerIdFk"/>
      <Attr Name="_isUpdateable" Value="true"/>
    </DesignTime>
    <AttrArray Name="Attributes">
      <Item Value="model.SOrd.CustomerId"/>
    </AttrArray>
  </AssociationEnd>
</Association>
