<?xml version="1.0" encoding="windows-1252" ?>
<!DOCTYPE ViewObject SYSTEM "jbo_03_01.dtd">
<!---->
<ViewObject
  xmlns="http://xmlns.oracle.com/bc4j"
  Name="SProductCategoriesView1"
  Version="12.1.2.65.37"
  InheritPersonalization="merge"
  BindingStyle="OracleName"
  CustomQuery="true"
  PageIterMode="Full">
  <DesignTime>
    <Attr Name="_isExpertMode" Value="true"/>
  </DesignTime>
  <SQLQuery><![CDATA[SELECT SProductCategories.ID,
       SProductCategories.CATEGORY,
       SProductCategories.PARENT_CATEGORY_ID
FROM S_PRODUCT_CATEGORIES SProductCategories]]></SQLQuery>
  <ViewAttribute
    Name="Id"
    IsUpdateable="false"
    IsPersistent="false"
    IsNotNull="true"
    PrecisionRule="true"
    Precision="7"
    Scale="0"
    Type="java.lang.Integer"
    ColumnType="NUMBER"
    AliasName="ID"
    Expression="ID"
    SQLType="NUMERIC"/>
  <ViewAttribute
    Name="Category"
    IsUpdateable="false"
    IsPersistent="false"
    PrecisionRule="true"
    Precision="50"
    Type="java.lang.String"
    ColumnType="VARCHAR2"
    AliasName="CATEGORY"
    Expression="CATEGORY"
    SQLType="VARCHAR">
    <DesignTime>
      <Attr Name="_DisplaySize" Value="50"/>
    </DesignTime>
  </ViewAttribute>
  <ViewAttribute
    Name="ParentCategoryId"
    IsUpdateable="false"
    IsPersistent="false"
    PrecisionRule="true"
    Precision="7"
    Scale="0"
    Type="java.lang.Integer"
    ColumnType="NUMBER"
    AliasName="PARENT_CATEGORY_ID"
    Expression="PARENT_CATEGORY_ID"
    SQLType="NUMERIC"/>
  <AttrArray Name="KeyAttributes">
    <Item Value="Id"/>
  </AttrArray>
</ViewObject>
