<?xml version="1.0" encoding="windows-1252" ?>
<!DOCTYPE Entity SYSTEM "jbo_03_01.dtd">
<!---->
<Entity
  xmlns="http://xmlns.oracle.com/bc4j"
  Name="SProduct"
  Version="12.1.2.65.67"
  InheritPersonalization="true"
  DBObjectType="table"
  DBObjectName="S_PRODUCT"
  AliasName="SProduct"
  BindingStyle="OracleName">
  <Attribute
    Name="Id"
    IsNotNull="true"
    Precision="7"
    Scale="0"
    ColumnName="ID"
    SQLType="NUMERIC"
    Type="java.lang.Integer"
    ColumnType="NUMBER"
    TableName="S_PRODUCT"
    PrimaryKey="true"/>
  <Attribute
    Name="Name"
    IsUnique="true"
    IsNotNull="true"
    Precision="50"
    ColumnName="NAME"
    SQLType="VARCHAR"
    Type="java.lang.String"
    ColumnType="VARCHAR2"
    TableName="S_PRODUCT">
    <DesignTime>
      <Attr Name="_DisplaySize" Value="50"/>
    </DesignTime>
  </Attribute>
  <Attribute
    Name="ShortDesc"
    Precision="255"
    ColumnName="SHORT_DESC"
    SQLType="VARCHAR"
    Type="java.lang.String"
    ColumnType="VARCHAR2"
    TableName="S_PRODUCT">
    <DesignTime>
      <Attr Name="_DisplaySize" Value="255"/>
    </DesignTime>
  </Attribute>
  <Attribute
    Name="LongtextId"
    Precision="7"
    Scale="0"
    ColumnName="LONGTEXT_ID"
    SQLType="NUMERIC"
    Type="java.lang.Integer"
    ColumnType="NUMBER"
    TableName="S_PRODUCT"/>
  <Attribute
    Name="ImageId"
    Precision="7"
    Scale="0"
    ColumnName="IMAGE_ID"
    SQLType="NUMERIC"
    Type="java.lang.Integer"
    ColumnType="NUMBER"
    TableName="S_PRODUCT"/>
  <Attribute
    Name="SuggestedWhlslPrice"
    Precision="11"
    Scale="2"
    ColumnName="SUGGESTED_WHLSL_PRICE"
    SQLType="NUMERIC"
    Type="java.math.BigDecimal"
    ColumnType="NUMBER"
    TableName="S_PRODUCT"/>
  <Attribute
    Name="WhlslUnits"
    Precision="25"
    ColumnName="WHLSL_UNITS"
    SQLType="VARCHAR"
    Type="java.lang.String"
    ColumnType="VARCHAR2"
    TableName="S_PRODUCT">
    <DesignTime>
      <Attr Name="_DisplaySize" Value="25"/>
    </DesignTime>
  </Attribute>
  <Attribute
    Name="CategoryId"
    Precision="7"
    Scale="0"
    ColumnName="CATEGORY_ID"
    SQLType="NUMERIC"
    Type="java.lang.Integer"
    ColumnType="NUMBER"
    TableName="S_PRODUCT"/>
  <AccessorAttribute
    Name="SInventory"
    Association="model.SInventoryProductIdFkAssoc"
    AssociationEnd="model.SInventoryProductIdFkAssoc.SInventory"
    AssociationOtherEnd="model.SInventoryProductIdFkAssoc.SProduct"
    Type="oracle.jbo.RowIterator"
    IsUpdateable="false"/>
  <AccessorAttribute
    Name="SItem"
    Association="model.SItemProductIdFkAssoc"
    AssociationEnd="model.SItemProductIdFkAssoc.SItem"
    AssociationOtherEnd="model.SItemProductIdFkAssoc.SProduct"
    Type="oracle.jbo.RowIterator"
    IsUpdateable="false"/>
  <Key
    Name="SProductIdNn">
    <DesignTime>
      <Attr Name="_DBObjectName" Value="S_PRODUCT_ID_NN"/>
      <Attr Name="_checkCondition" Value="ID IS NOT NULL"/>
      <Attr Name="_isCheck" Value="true"/>
    </DesignTime>
    <AttrArray Name="Attributes"/>
  </Key>
  <Key
    Name="SProductIdPk"
    PrimaryKey="true">
    <DesignTime>
      <Attr Name="_DBObjectName" Value="S_PRODUCT_ID_PK"/>
    </DesignTime>
    <AttrArray Name="Attributes">
      <Item Value="model.SProduct.Id"/>
    </AttrArray>
  </Key>
  <Key
    Name="SProductNameNn">
    <DesignTime>
      <Attr Name="_DBObjectName" Value="S_PRODUCT_NAME_NN"/>
      <Attr Name="_checkCondition" Value="NAME IS NOT NULL"/>
      <Attr Name="_isCheck" Value="true"/>
    </DesignTime>
    <AttrArray Name="Attributes"/>
  </Key>
  <Key
    Name="SProductNameUk">
    <DesignTime>
      <Attr Name="_isUnique" Value="true"/>
      <Attr Name="_DBObjectName" Value="S_PRODUCT_NAME_UK"/>
    </DesignTime>
    <AttrArray Name="Attributes">
      <Item Value="model.SProduct.Name"/>
    </AttrArray>
  </Key>
  <Key
    Name="SProductCategoryIdFk">
    <DesignTime>
      <Attr Name="_referencedKey" Value="PRODUCT_CATEGORIES_PK"/>
      <Attr Name="_isForeign" Value="true"/>
      <Attr Name="_DBObjectName" Value="S_PRODUCT_CATEGORY_ID_FK"/>
    </DesignTime>
    <AttrArray Name="Attributes">
      <Item Value="model.SProduct.CategoryId"/>
    </AttrArray>
  </Key>
  <Key
    Name="SProductImageIdFk">
    <DesignTime>
      <Attr Name="_referencedKey" Value="S_IMAGE_ID_PK"/>
      <Attr Name="_isForeign" Value="true"/>
      <Attr Name="_DBObjectName" Value="S_PRODUCT_IMAGE_ID_FK"/>
    </DesignTime>
    <AttrArray Name="Attributes">
      <Item Value="model.SProduct.ImageId"/>
    </AttrArray>
  </Key>
  <Key
    Name="SProductLongtextIdFk">
    <DesignTime>
      <Attr Name="_referencedKey" Value="S_LONGTEXT_ID_PK"/>
      <Attr Name="_isForeign" Value="true"/>
      <Attr Name="_DBObjectName" Value="S_PRODUCT_LONGTEXT_ID_FK"/>
    </DesignTime>
    <AttrArray Name="Attributes">
      <Item Value="model.SProduct.LongtextId"/>
    </AttrArray>
  </Key>
</Entity>
