<?xml version="1.0" encoding="windows-1252" ?>
<!DOCTYPE Entity SYSTEM "jbo_03_01.dtd">
<!---->
<Entity
  xmlns="http://xmlns.oracle.com/bc4j"
  Name="SProductCategories"
  Version="12.1.2.65.37"
  InheritPersonalization="merge"
  DBObjectType="table"
  DBObjectName="S_PRODUCT_CATEGORIES"
  AliasName="SProductCategories"
  BindingStyle="OracleName">
  <Attribute
    Name="Id"
    IsNotNull="true"
    Precision="7"
    Scale="0"
    ColumnName="ID"
    SQLType="NUMERIC"
    Type="java.lang.Integer"
    ColumnType="NUMBER"
    TableName="S_PRODUCT_CATEGORIES"
    PrimaryKey="true"/>
  <Attribute
    Name="Category"
    Precision="50"
    ColumnName="CATEGORY"
    SQLType="VARCHAR"
    Type="java.lang.String"
    ColumnType="VARCHAR2"
    TableName="S_PRODUCT_CATEGORIES">
    <DesignTime>
      <Attr Name="_DisplaySize" Value="50"/>
    </DesignTime>
  </Attribute>
  <Attribute
    Name="ParentCategoryId"
    Precision="7"
    Scale="0"
    ColumnName="PARENT_CATEGORY_ID"
    SQLType="NUMERIC"
    Type="java.lang.Integer"
    ColumnType="NUMBER"
    TableName="S_PRODUCT_CATEGORIES"/>
  <Key
    Name="ProductCategoriesPk"
    PrimaryKey="true">
    <DesignTime>
      <Attr Name="_DBObjectName" Value="PRODUCT_CATEGORIES_PK"/>
    </DesignTime>
    <AttrArray Name="Attributes">
      <Item Value="model.SProductCategories.Id"/>
    </AttrArray>
  </Key>
  <Key
    Name="SProductCategoriesIdNn">
    <DesignTime>
      <Attr Name="_DBObjectName" Value="S_PRODUCT_CATEGORIES_ID_NN"/>
      <Attr Name="_checkCondition" Value="ID IS NOT NULL"/>
      <Attr Name="_isCheck" Value="true"/>
    </DesignTime>
    <AttrArray Name="Attributes"/>
  </Key>
</Entity>
