<?xml version="1.0" encoding="windows-1252" ?>
<!DOCTYPE ViewObject SYSTEM "jbo_03_01.dtd">
<!---->
<ViewObject
  xmlns="http://xmlns.oracle.com/bc4j"
  Name="SRegionView"
  Version="12.1.3.7.3"
  InheritPersonalization="true"
  SelectList="SRegion.ID, 
       SRegion.NAME"
  FromList="S_REGION SRegion"
  BindingStyle="OracleName"
  CustomQuery="false"
  PageIterMode="Full">
  <EntityUsage
    Name="SRegion"
    Entity="model.SRegion"/>
  <ViewAttribute
    Name="Id"
    IsNotNull="true"
    PrecisionRule="true"
    EntityAttrName="Id"
    EntityUsage="SRegion"
    AliasName="ID"/>
  <ViewAttribute
    Name="Name"
    IsUnique="true"
    IsNotNull="true"
    PrecisionRule="true"
    EntityAttrName="Name"
    EntityUsage="SRegion"
    AliasName="NAME"/>
  <ViewAttribute
    Name="CountryCount"
    IsUpdateable="false"
    IsSelected="false"
    IsPersistent="false"
    PrecisionRule="true"
    Type="java.lang.Integer"
    ColumnType="INTEGER"
    AliasName="VIEW_ATTR"
    SQLType="INTEGER">
    <TransientExpression><![CDATA[SCountriesView.count('Id')]]></TransientExpression>
    <RecalcCondition><![CDATA[true]]></RecalcCondition>
  </ViewAttribute>
  <ViewAttribute
    Name="TotalSales"
    IsUpdateable="false"
    IsSelected="false"
    IsPersistent="false"
    PrecisionRule="true"
    Type="java.lang.Double"
    ColumnType="DOUBLE PRECISION"
    AliasName="VIEW_ATTR"
    SQLType="DOUBLE">
    <TransientExpression
      trustMode="untrusted"><![CDATA[SCountriesView.sum ('TotalSales')]]></TransientExpression>
    <RecalcCondition
      trustMode="untrusted"><![CDATA[true]]></RecalcCondition>
  </ViewAttribute>
  <ViewAttribute
    Name="TotalOrders"
    IsUpdateable="false"
    IsSelected="false"
    IsPersistent="false"
    PrecisionRule="true"
    Type="java.lang.Integer"
    ColumnType="INTEGER"
    AliasName="VIEW_ATTR"
    SQLType="INTEGER">
    <TransientExpression
      trustMode="untrusted"><![CDATA[SCountriesView.sum('TotalOrders')]]></TransientExpression>
    <RecalcCondition
      trustMode="untrusted"><![CDATA[true]]></RecalcCondition>
  </ViewAttribute>
  <ViewLinkAccessor
    Name="SCountriesView"
    ViewLink="model.SCountriesFkLink"
    Type="oracle.jbo.RowIterator"
    IsUpdateable="false"/>
</ViewObject>
