<?xml version="1.0" encoding="windows-1252" ?>
<!DOCTYPE Entity SYSTEM "jbo_03_01.dtd">
<!---->
<Entity
  xmlns="http://xmlns.oracle.com/bc4j"
  Name="SRegion"
  Version="12.1.2.63.48"
  InheritPersonalization="true"
  DBObjectType="table"
  DBObjectName="S_REGION"
  AliasName="SRegion"
  BindingStyle="OracleName">
  <Attribute
    Name="Id"
    IsNotNull="true"
    Precision="7"
    Scale="0"
    ColumnName="ID"
    SQLType="NUMERIC"
    Type="java.lang.Integer"
    ColumnType="NUMBER"
    TableName="S_REGION"
    PrimaryKey="true"/>
  <Attribute
    Name="Name"
    IsUnique="true"
    IsNotNull="true"
    Precision="50"
    ColumnName="NAME"
    SQLType="VARCHAR"
    Type="java.lang.String"
    ColumnType="VARCHAR2"
    TableName="S_REGION">
    <DesignTime>
      <Attr Name="_DisplaySize" Value="50"/>
    </DesignTime>
  </Attribute>
  <AccessorAttribute
    Name="SCountries"
    Association="model.SCountriesFkAssoc"
    AssociationEnd="model.SCountriesFkAssoc.SCountries"
    AssociationOtherEnd="model.SCountriesFkAssoc.SRegion"
    Type="oracle.jbo.RowIterator"
    IsUpdateable="false"/>
  <Key
    Name="SRegionIdNn">
    <DesignTime>
      <Attr Name="_DBObjectName" Value="S_REGION_ID_NN"/>
      <Attr Name="_checkCondition" Value="ID IS NOT NULL"/>
      <Attr Name="_isCheck" Value="true"/>
    </DesignTime>
    <AttrArray Name="Attributes"/>
  </Key>
  <Key
    Name="SRegionIdPk"
    PrimaryKey="true">
    <DesignTime>
      <Attr Name="_DBObjectName" Value="S_REGION_ID_PK"/>
    </DesignTime>
    <AttrArray Name="Attributes">
      <Item Value="model.SRegion.Id"/>
    </AttrArray>
  </Key>
  <Key
    Name="SRegionNameNn">
    <DesignTime>
      <Attr Name="_DBObjectName" Value="S_REGION_NAME_NN"/>
      <Attr Name="_checkCondition" Value="NAME IS NOT NULL"/>
      <Attr Name="_isCheck" Value="true"/>
    </DesignTime>
    <AttrArray Name="Attributes"/>
  </Key>
  <Key
    Name="SRegionNameUk">
    <DesignTime>
      <Attr Name="_isUnique" Value="true"/>
      <Attr Name="_DBObjectName" Value="S_REGION_NAME_UK"/>
    </DesignTime>
    <AttrArray Name="Attributes">
      <Item Value="model.SRegion.Name"/>
    </AttrArray>
  </Key>
</Entity>
