<?xml version="1.0" encoding="windows-1252" ?>
<!DOCTYPE Entity SYSTEM "jbo_03_01.dtd">
<!---->
<Entity
  xmlns="http://xmlns.oracle.com/bc4j"
  Name="SWarehouse"
  Version="12.1.2.63.48"
  InheritPersonalization="true"
  DBObjectType="table"
  DBObjectName="S_WAREHOUSE"
  AliasName="SWarehouse"
  BindingStyle="OracleName">
  <Attribute
    Name="Id"
    IsNotNull="true"
    Precision="7"
    Scale="0"
    ColumnName="ID"
    SQLType="NUMERIC"
    Type="java.lang.Integer"
    ColumnType="NUMBER"
    TableName="S_WAREHOUSE"
    PrimaryKey="true"/>
  <Attribute
    Name="Address"
    ColumnName="ADDRESS"
    Type="java.lang.String"
    ColumnType="VARCHAR2"
    TableName="S_WAREHOUSE"
    Precision="50"
    SQLType="VARCHAR"/>
  <Attribute
    Name="City"
    Precision="30"
    ColumnName="CITY"
    SQLType="VARCHAR"
    Type="java.lang.String"
    ColumnType="VARCHAR2"
    TableName="S_WAREHOUSE">
    <DesignTime>
      <Attr Name="_DisplaySize" Value="30"/>
    </DesignTime>
  </Attribute>
  <Attribute
    Name="State"
    Precision="20"
    ColumnName="STATE"
    SQLType="VARCHAR"
    Type="java.lang.String"
    ColumnType="VARCHAR2"
    TableName="S_WAREHOUSE">
    <DesignTime>
      <Attr Name="_DisplaySize" Value="20"/>
    </DesignTime>
  </Attribute>
  <Attribute
    Name="CountryId"
    Precision="30"
    ColumnName="COUNTRY_ID"
    SQLType="VARCHAR"
    Type="java.lang.String"
    ColumnType="VARCHAR2"
    TableName="S_WAREHOUSE">
    <DesignTime>
      <Attr Name="_DisplaySize" Value="30"/>
    </DesignTime>
  </Attribute>
  <Attribute
    Name="ZipCode"
    Precision="75"
    ColumnName="ZIP_CODE"
    SQLType="VARCHAR"
    Type="java.lang.String"
    ColumnType="VARCHAR2"
    TableName="S_WAREHOUSE">
    <DesignTime>
      <Attr Name="_DisplaySize" Value="75"/>
    </DesignTime>
  </Attribute>
  <Attribute
    Name="Phone"
    Precision="25"
    ColumnName="PHONE"
    SQLType="VARCHAR"
    Type="java.lang.String"
    ColumnType="VARCHAR2"
    TableName="S_WAREHOUSE">
    <DesignTime>
      <Attr Name="_DisplaySize" Value="25"/>
    </DesignTime>
  </Attribute>
  <Attribute
    Name="ManagerId"
    Precision="7"
    Scale="0"
    ColumnName="MANAGER_ID"
    SQLType="NUMERIC"
    Type="java.lang.Integer"
    ColumnType="NUMBER"
    TableName="S_WAREHOUSE"/>
  <Attribute
    Name="Latitude"
    ColumnName="LATITUDE"
    SQLType="NUMERIC"
    Type="java.math.BigDecimal"
    ColumnType="NUMBER"
    TableName="S_WAREHOUSE"/>
  <Attribute
    Name="Longitude"
    ColumnName="LONGITUDE"
    SQLType="NUMERIC"
    Type="java.math.BigDecimal"
    ColumnType="NUMBER"
    TableName="S_WAREHOUSE"/>
  <AccessorAttribute
    Name="SInventory"
    Association="model.SInventoryWarehouseIdFkAssoc"
    AssociationEnd="model.SInventoryWarehouseIdFkAssoc.SInventory"
    AssociationOtherEnd="model.SInventoryWarehouseIdFkAssoc.SWarehouse"
    Type="oracle.jbo.RowIterator"
    IsUpdateable="false"/>
  <Key
    Name="SWarehouseIdNn">
    <DesignTime>
      <Attr Name="_DBObjectName" Value="S_WAREHOUSE_ID_NN"/>
      <Attr Name="_checkCondition" Value="ID IS NOT NULL"/>
      <Attr Name="_isCheck" Value="true"/>
    </DesignTime>
    <AttrArray Name="Attributes"/>
  </Key>
  <Key
    Name="SWarehouseIdPk"
    PrimaryKey="true">
    <DesignTime>
      <Attr Name="_DBObjectName" Value="S_WAREHOUSE_ID_PK"/>
    </DesignTime>
    <AttrArray Name="Attributes">
      <Item Value="model.SWarehouse.Id"/>
    </AttrArray>
  </Key>
  <Key
    Name="SWarehouseManagerIdFk">
    <DesignTime>
      <Attr Name="_referencedKey" Value="S_EMP_ID_PK"/>
      <Attr Name="_isForeign" Value="true"/>
      <Attr Name="_DBObjectName" Value="S_WAREHOUSE_MANAGER_ID_FK"/>
    </DesignTime>
    <AttrArray Name="Attributes">
      <Item Value="model.SWarehouse.ManagerId"/>
    </AttrArray>
  </Key>
</Entity>
