<?xml version="1.0" encoding="windows-1252" ?>
<!DOCTYPE ViewLink SYSTEM "jbo_03_01.dtd">
<!---->
<ViewLink
  xmlns="http://xmlns.oracle.com/bc4j"
  Name="WarehouseProductInventoryViewLink"
  Version="12.1.2.62.49"
  InheritPersonalization="true">
  <Properties>
    <SchemaBasedProperties>
      <LABEL
        ResId="model.WarehouseProductInventoryViewLink_LABEL"/>
    </SchemaBasedProperties>
  </Properties>
  <ViewLinkDefEnd
    Name="SWarehouseView"
    Cardinality="1"
    Source="true"
    Owner="model.SWarehouseView">
    <DesignTime>
      <Attr Name="_finderName" Value="SWarehouseView"/>
      <Attr Name="_isUpdateable" Value="true"/>
    </DesignTime>
    <AttrArray Name="Attributes">
      <Item Value="model.SWarehouseView.Id"/>
    </AttrArray>
  </ViewLinkDefEnd>
  <ViewLinkDefEnd
    Name="ProductInventoryView"
    Cardinality="-1"
    Owner="model.ProductInventoryView">
    <DesignTime>
      <Attr Name="_finderName" Value="ProductInventoryView"/>
      <Attr Name="_isUpdateable" Value="true"/>
    </DesignTime>
    <AttrArray Name="Attributes">
      <Item Value="model.ProductInventoryView.WarehouseId"/>
    </AttrArray>
  </ViewLinkDefEnd>
  <ResourceBundle>
    <PropertiesBundle
      PropertiesFile="model.ModelBundle"/>
  </ResourceBundle>
</ViewLink>
