<?xml version="1.0" encoding="windows-1252" ?>
<!DOCTYPE ViewObject SYSTEM "jbo_03_01.dtd">
<!---->
<ViewObject
  xmlns="http://xmlns.oracle.com/bc4j"
  Name="WorldProductInventory"
  Version="12.1.2.65.67"
  InheritPersonalization="merge"
  SelectList="SProduct.CATEGORY_ID, 
       SProduct.ID, 
       SProduct.NAME, 
       SProductCategories.CATEGORY, 
       SProductCategories.ID AS ID1, 
       SInventory.AMOUNT_IN_STOCK, 
       SInventory.PRODUCT_ID, 
       SInventory.WAREHOUSE_ID, 
       SInventory.REORDER_POINT, 
       SWarehouse.ADDRESS, 
       SWarehouse.ID AS ID2, 
       SWarehouse.CITY, 
       SWarehouse.STATE, 
       SWarehouse.ZIP_CODE, 
       SWarehouse.COUNTRY_ID, 
       SCountries.COUNTRY, 
       SCountries.ID AS ID3, 
       SCountries.COUNTRY_CODE, 
       SRegion.NAME AS NAME1, 
       SRegion.ID AS ID4, 
       SCountries.REGION_ID, 
       SWarehouse.LATITUDE, 
       SWarehouse.LONGITUDE"
  FromList="S_PRODUCT SProduct, S_PRODUCT_CATEGORIES SProductCategories, S_INVENTORY SInventory, S_WAREHOUSE SWarehouse, S_COUNTRIES SCountries, S_REGION SRegion"
  Where="((SProduct.ID = SInventory.PRODUCT_ID) AND (SInventory.WAREHOUSE_ID = SWarehouse.ID)) AND (SCountries.REGION_ID = SRegion.ID) AND (SProduct.CATEGORY_ID = SProductCategories.ID) AND (SWarehouse.COUNTRY_ID = SCountries.ID)"
  BindingStyle="OracleName"
  CustomQuery="false"
  PageIterMode="Full">
  <Properties>
    <SchemaBasedProperties>
      <LABEL
        ResId="model.WorldProductInventory_LABEL"/>
    </SchemaBasedProperties>
  </Properties>
  <EntityUsage
    Name="SProduct"
    Entity="model.SProduct"/>
  <EntityUsage
    Name="SProductCategories"
    Entity="model.SProductCategories"
    DeleteParticipant="false">
    <DesignTime>
      <Attr Name="_customjoin" Value="true"/>
    </DesignTime>
  </EntityUsage>
  <EntityUsage
    Name="SInventory"
    Entity="model.SInventory"
    Association="model.SInventoryProductIdFkAssoc"
    AssociationEnd="model.SInventoryProductIdFkAssoc.SInventory"
    SourceUsage="model.WorldProductInventory.SProduct"
    Reference="true"
    DeleteParticipant="false"
    JoinType="INNER JOIN">
    <DesignTime>
      <AttrArray Name="_srcAttributes">
        <Item Value="model.SProduct.Id"/>
      </AttrArray>
      <AttrArray Name="_dstAttributes">
        <Item Value="model.SInventory.ProductId"/>
      </AttrArray>
    </DesignTime>
  </EntityUsage>
  <EntityUsage
    Name="SWarehouse"
    Entity="model.SWarehouse"
    Association="model.SInventoryWarehouseIdFkAssoc"
    AssociationEnd="model.SInventoryWarehouseIdFkAssoc.SWarehouse"
    SourceUsage="model.WorldProductInventory.SInventory"
    Reference="true"
    DeleteParticipant="false"
    JoinType="INNER JOIN">
    <DesignTime>
      <AttrArray Name="_srcAttributes">
        <Item Value="model.SInventory.WarehouseId"/>
      </AttrArray>
      <AttrArray Name="_dstAttributes">
        <Item Value="model.SWarehouse.Id"/>
      </AttrArray>
    </DesignTime>
  </EntityUsage>
  <EntityUsage
    Name="SCountries"
    Entity="model.SCountries"
    DeleteParticipant="false">
    <DesignTime>
      <Attr Name="_customjoin" Value="true"/>
    </DesignTime>
  </EntityUsage>
  <EntityUsage
    Name="SRegion"
    Entity="model.SRegion"
    Association="model.SCountriesFkAssoc"
    AssociationEnd="model.SCountriesFkAssoc.SRegion"
    SourceUsage="model.WorldProductInventory.SCountries"
    ReadOnly="true"
    Reference="true"
    DeleteParticipant="false"
    JoinType="INNER JOIN">
    <DesignTime>
      <AttrArray Name="_srcAttributes">
        <Item Value="model.SCountries.RegionId"/>
      </AttrArray>
      <AttrArray Name="_dstAttributes">
        <Item Value="model.SRegion.Id"/>
      </AttrArray>
    </DesignTime>
  </EntityUsage>
  <ViewAttribute
    Name="CategoryId"
    PrecisionRule="true"
    EntityAttrName="CategoryId"
    EntityUsage="SProduct"
    AliasName="CATEGORY_ID"/>
  <ViewAttribute
    Name="Id"
    IsNotNull="true"
    PrecisionRule="true"
    EntityAttrName="Id"
    EntityUsage="SProduct"
    AliasName="ID"/>
  <ViewAttribute
    Name="ProdName"
    IsUnique="true"
    IsNotNull="true"
    PrecisionRule="true"
    EntityAttrName="Name"
    EntityUsage="SProduct"
    AliasName="NAME"/>
  <ViewAttribute
    Name="Category"
    PrecisionRule="true"
    EntityAttrName="Category"
    EntityUsage="SProductCategories"
    AliasName="CATEGORY"/>
  <ViewAttribute
    Name="Id1"
    IsNotNull="true"
    PrecisionRule="true"
    EntityAttrName="Id"
    EntityUsage="SProductCategories"
    AliasName="ID1"/>
  <ViewAttribute
    Name="AmountInStock"
    PrecisionRule="true"
    EntityAttrName="AmountInStock"
    EntityUsage="SInventory"
    AliasName="AMOUNT_IN_STOCK"/>
  <ViewAttribute
    Name="ProductId"
    IsNotNull="true"
    PrecisionRule="true"
    EntityAttrName="ProductId"
    EntityUsage="SInventory"
    AliasName="PRODUCT_ID"/>
  <ViewAttribute
    Name="WarehouseId"
    IsNotNull="true"
    PrecisionRule="true"
    EntityAttrName="WarehouseId"
    EntityUsage="SInventory"
    AliasName="WAREHOUSE_ID"/>
  <ViewAttribute
    Name="ReorderPoint"
    PrecisionRule="true"
    EntityAttrName="ReorderPoint"
    EntityUsage="SInventory"
    AliasName="REORDER_POINT"/>
  <ViewAttribute
    Name="Address"
    PrecisionRule="true"
    EntityAttrName="Address"
    EntityUsage="SWarehouse"
    AliasName="ADDRESS"/>
  <ViewAttribute
    Name="Id2"
    IsNotNull="true"
    PrecisionRule="true"
    EntityAttrName="Id"
    EntityUsage="SWarehouse"
    AliasName="ID2"/>
  <ViewAttribute
    Name="City"
    PrecisionRule="true"
    EntityAttrName="City"
    EntityUsage="SWarehouse"
    AliasName="CITY"/>
  <ViewAttribute
    Name="State"
    PrecisionRule="true"
    EntityAttrName="State"
    EntityUsage="SWarehouse"
    AliasName="STATE"/>
  <ViewAttribute
    Name="ZipCode"
    PrecisionRule="true"
    EntityAttrName="ZipCode"
    EntityUsage="SWarehouse"
    AliasName="ZIP_CODE"/>
  <ViewAttribute
    Name="CountryId"
    PrecisionRule="true"
    EntityAttrName="CountryId"
    EntityUsage="SWarehouse"
    AliasName="COUNTRY_ID"/>
  <ViewAttribute
    Name="Country"
    IsUnique="true"
    PrecisionRule="true"
    EntityAttrName="Country"
    EntityUsage="SCountries"
    AliasName="COUNTRY"/>
  <ViewAttribute
    Name="Id3"
    IsNotNull="true"
    PrecisionRule="true"
    EntityAttrName="Id"
    EntityUsage="SCountries"
    AliasName="ID3"/>
  <ViewAttribute
    Name="CountryCode"
    PrecisionRule="true"
    EntityAttrName="CountryCode"
    EntityUsage="SCountries"
    AliasName="COUNTRY_CODE"/>
  <ViewAttribute
    Name="RegName"
    IsUnique="true"
    IsNotNull="true"
    PrecisionRule="true"
    EntityAttrName="Name"
    EntityUsage="SRegion"
    AliasName="NAME1"/>
  <ViewAttribute
    Name="Id4"
    IsNotNull="true"
    PrecisionRule="true"
    EntityAttrName="Id"
    EntityUsage="SRegion"
    AliasName="ID4"/>
  <ViewAttribute
    Name="RegionId"
    PrecisionRule="true"
    EntityAttrName="RegionId"
    EntityUsage="SCountries"
    AliasName="REGION_ID"/>
  <ViewAttribute
    Name="Latitude"
    PrecisionRule="true"
    EntityAttrName="Latitude"
    EntityUsage="SWarehouse"
    AliasName="LATITUDE"/>
  <ViewAttribute
    Name="Longitude"
    PrecisionRule="true"
    EntityAttrName="Longitude"
    EntityUsage="SWarehouse"
    AliasName="LONGITUDE"/>
  <AttrArray Name="KeyAttributes">
    <Item Value="Id"/>
    <Item Value="Id1"/>
    <Item Value="ProductId"/>
    <Item Value="WarehouseId"/>
    <Item Value="Id2"/>
    <Item Value="Id3"/>
  </AttrArray>
  <ResourceBundle>
    <PropertiesBundle
      PropertiesFile="model.ModelBundle"/>
  </ResourceBundle>
</ViewObject>
