{"name":"Description ir to xslx",
 "tagline":"Page to demonstrate features of \"GPV Interactive Report/Grid to MSExcel\" APEX plugin",
 "body":"GPV Interactive Report/Grid to XLSX v2\r\n\r\nGet result of your Interactive Report/Grid in XLSX.\r\nAbout\r\n\r\nThe \"GPV Interactive Report to XML\" APEX plugin lets you get results of your Interactive Report/Grid in XML-format, ready to be used in different report-tools This pack includes this plugin and IR_TO_XML package. The package includes all functionality, the plugin provides simple user interface for APEX developer to make development easier.\r\n\r\nMany features of Interactive Reports/Grids are supported:\r\n\r\n    Filtering and Sorting\r\n    Control Break\r\n    Highlights\r\n    Computations\r\n    Aggregations\r\n    Simple datatypes of column (String/Date/Number)\r\n    Column and header aligment Possibly is to include in XML values of page or application items.\r\n\r\nThis plugin make the development of different business reports based on IR/IG simpler and faster.\r\n\r\nThe minimum required APEX-version is 5.1.4\r\nCurrent Version\r\n\r\nVersion 3.15","google":"UA-53612215-1","note":"Don't delete this file! It's used internally to help with page regeneration."}
