<?xml version="1.0" encoding="windows-1252" ?>
<!DOCTYPE Domain SYSTEM "jbo_03_01.dtd">
<!---->
<Domain
  xmlns="http://xmlns.oracle.com/bc4j"
  Name="PointType"
  Version="12.1.2.62.39">
  <DesignTime>
    <Attr Name="_type" Value="Struct"/>
    <Attr Name="_isPersistent" Value="true"/>
    <Attr Name="_isQueriable" Value="true"/>
    <Attr Name="_isUpdateable" Value="true"/>
    <Attr Name="_columnType" Value="POINT_TYPE"/>
    <Attr Name="_isCodegen" Value="true"/>
    <Attr Name="_isSelected" Value="true"/>
  </DesignTime>
  <Attribute
    Name="XCoord"
    ColumnName="X_COORD"
    SQLType="NUMERIC"
    Type="oracle.jbo.domain.Number"
    ColumnType="NUMBER"/>
  <Attribute
    Name="YCoord"
    ColumnName="Y_COORD"
    SQLType="NUMERIC"
    Type="oracle.jbo.domain.Number"
    ColumnType="NUMBER"/>
</Domain>
