<?xml version="1.0" encoding="windows-1252" ?>
<!DOCTYPE ViewLink SYSTEM "jbo_03_01.dtd">
<!---->
<ViewLink
  xmlns="http://xmlns.oracle.com/bc4j"
  Name="SEmpManagerIdFkLink"
  Version="12.1.2.62.39"
  InheritPersonalization="true"
  EntityAssociation="oracle.summit.model.domains.SEmpManagerIdFkAssoc">
  <ViewLinkDefEnd
    Name="ManagerIdEmpView"
    Cardinality="1"
    Source="true"
    Owner="oracle.summit.model.domains.EmpView">
    <DesignTime>
      <Attr Name="_finderName" Value="ManagerIdEmpView"/>
      <Attr Name="_isUpdateable" Value="true"/>
    </DesignTime>
    <AttrArray Name="Attributes">
      <Item Value="oracle.summit.model.domains.EmpView.Id"/>
    </AttrArray>
  </ViewLinkDefEnd>
  <ViewLinkDefEnd
    Name="EmpView"
    Cardinality="-1"
    Owner="oracle.summit.model.domains.EmpView">
    <DesignTime>
      <Attr Name="_finderName" Value="EmpView"/>
      <Attr Name="_isUpdateable" Value="true"/>
    </DesignTime>
    <AttrArray Name="Attributes">
      <Item Value="oracle.summit.model.domains.EmpView.ManagerId"/>
    </AttrArray>
  </ViewLinkDefEnd>
</ViewLink>
