<?xml version="1.0" encoding="windows-1252" ?>
<!DOCTYPE AppModule SYSTEM "jbo_03_01.dtd">
<!---->
<AppModule
  xmlns="http://xmlns.oracle.com/bc4j"
  Name="AppModule"
  Version="12.1.2.64.42"
  InheritPersonalization="true"
  ComponentClass="oracle.summit.model.appmodule.service.AppModuleImpl"
  ClearCacheOnRollback="true"
  ComponentInterface="oracle.summit.model.appmodule.service.common.AppModule"
  ClientProxyName="oracle.summit.model.appmodule.service.client.AppModuleClient">
  <DesignTime>
    <Attr Name="_isCodegen" Value="true"/>
  </DesignTime>
  <ViewUsage
    Name="CustomerView1"
    ViewObjectName="oracle.summit.model.appmodule.CustomerView"/>
  <ViewUsage
    Name="ItemView1"
    ViewObjectName="oracle.summit.model.appmodule.ItemView"/>
  <ViewUsage
    Name="OrderView1"
    ViewObjectName="oracle.summit.model.appmodule.OrdersView"/>
  <ViewUsage
    Name="ItemView2"
    ViewObjectName="oracle.summit.model.appmodule.ItemView"/>
  <ViewUsage
    Name="OrderView2"
    ViewObjectName="oracle.summit.model.appmodule.OrdersView"/>
  <ViewLinkUsage
    Name="SItemOrdIdFkLink1"
    ViewLinkObjectName="oracle.summit.model.appmodule.SItemOrdIdFkLink"
    SrcViewUsageName="oracle.summit.model.appmodule.service.AppModule.OrderView1"
    DstViewUsageName="oracle.summit.model.appmodule.service.AppModule.ItemView2"
    Reversed="false"/>
  <ViewLinkUsage
    Name="SOrdCustomerIdFkLink1"
    ViewLinkObjectName="oracle.summit.model.appmodule.SOrdCustomerIdFkLink"
    SrcViewUsageName="oracle.summit.model.appmodule.service.AppModule.CustomerView1"
    DstViewUsageName="oracle.summit.model.appmodule.service.AppModule.OrderView2"
    Reversed="false"/>
  <ClientInterface
    Name="__clientInterface">
    <Method
      Name="doSomeCustomProcessing"
      MethodName="doSomeCustomProcessing">
      <Return
        Name="_return_type_"
        Type="void"/>
    </Method>
    <Method
      Name="findOrderAndCustomer"
      MethodName="findOrderAndCustomer">
      <Return
        Name="_return_type_"
        Type="java.lang.String"/>
      <Parameter
        Name="orderId"
        Type="long"/>
    </Method>
    <Method
      Name="updateOrderStatus"
      MethodName="updateOrderStatus">
      <Return
        Name="_return_type_"
        Type="void"/>
      <Parameter
        Name="orderId"
        Type="long"/>
      <Parameter
        Name="newStatus"
        Type="java.lang.String"/>
    </Method>
    <Method
      Name="findOrderTotal"
      MethodName="findOrderTotal">
      <Return
        Name="_return_type_"
        Type="java.lang.String"/>
      <Parameter
        Name="orderId"
        Type="long"/>
    </Method>
    <Method
      Name="createCustomer"
      MethodName="createCustomer">
      <Return
        Name="_return_type_"
        Type="long"/>
      <Parameter
        Name="name"
        Type="java.lang.String"/>
      <Parameter
        Name="city"
        Type="java.lang.String"/>
      <Parameter
        Name="countryId"
        Type="java.lang.Integer"/>
    </Method>
  </ClientInterface>
</AppModule>
