<?xml version="1.0" encoding="windows-1252" ?>
<!DOCTYPE Entity SYSTEM "jbo_03_01.dtd">
<!---->
<Entity
  xmlns="http://xmlns.oracle.com/bc4j"
  Name="CustomProduct"
  Version="12.1.2.66.11"
  Extends="oracle.summit.model.extend.Product"
  InheritPersonalization="merge"
  DBObjectType="table"
  DBObjectName="S_PRODUCT"
  AliasName="ProductEx1"
  BindingStyle="OracleName">
  <Attribute
    Name="CategoryId"
    Precision="7"
    Scale="0"
    ColumnName="CATEGORY_ID"
    SQLType="NUMERIC"
    Type="java.lang.Integer"
    ColumnType="NUMBER"
    TableName="S_PRODUCT"/>
  <Key
    Name="SProductCategoryIdFk">
    <DesignTime>
      <Attr Name="_referencedKey" Value="PRODUCT_CATEGORIES_PK"/>
      <Attr Name="_isForeign" Value="true"/>
      <Attr Name="_DBObjectName" Value="S_PRODUCT_CATEGORY_ID_FK"/>
    </DesignTime>
    <AttrArray Name="Attributes">
      <Item Value="oracle.summit.model.custompackage.CustomProduct.CategoryId"/>
    </AttrArray>
  </Key>
</Entity>
