<?xml version="1.0" encoding="windows-1252" ?>
<!DOCTYPE AppModule SYSTEM "jbo_03_01.dtd">
<!---->
<AppModule
  xmlns="http://xmlns.oracle.com/bc4j"
  Name="InvokingStoredProcAppModule"
  Version="12.1.2.65.79"
  InheritPersonalization="merge"
  ComponentClass="oracle.summit.model.invokingstoredprocedure.InvokingStoredProcAppModuleImpl"
  ClearCacheOnRollback="true"
  ComponentInterface="oracle.summit.model.invokingstoredprocedure.common.InvokingStoredProcAppModule"
  ClientProxyName="oracle.summit.model.invokingstoredprocedure.client.InvokingStoredProcAppModuleClient">
  <DesignTime>
    <Attr Name="_isCodegen" Value="true"/>
  </DesignTime>
  <Properties>
    <SchemaBasedProperties>
      <LABEL
        ResId="oracle.summit.model.invokingstoredprocedure.InvokingStoredProcAppModule_LABEL"/>
    </SchemaBasedProperties>
  </Properties>
  <ClientInterface
    Name="__clientInterface">
    <Method
      Name="callFuncWithThreeArgs"
      MethodName="callFuncWithThreeArgs">
      <Return
        Name="_return_type_"
        Type="java.lang.String"/>
      <Parameter
        Name="n"
        Type="oracle.jbo.domain.Number"/>
      <Parameter
        Name="d"
        Type="oracle.jbo.domain.Date"/>
      <Parameter
        Name="v"
        Type="java.lang.String"/>
    </Method>
    <Method
      Name="callProcWithNoArgs"
      MethodName="callProcWithNoArgs">
      <Return
        Name="_return_type_"
        Type="void"/>
    </Method>
    <Method
      Name="callProcWithOutArgs"
      MethodName="callProcWithOutArgs">
      <Return
        Name="_return_type_"
        Type="oracle.summit.model.invokingstoredprocedure.DateAndStringBean"/>
      <Parameter
        Name="n"
        Type="oracle.jbo.domain.Number"/>
      <Parameter
        Name="v"
        Type="java.lang.String"/>
    </Method>
    <Method
      Name="callProcWithThreeArgs"
      MethodName="callProcWithThreeArgs">
      <Return
        Name="_return_type_"
        Type="void"/>
      <Parameter
        Name="n"
        Type="oracle.jbo.domain.Number"/>
      <Parameter
        Name="d"
        Type="oracle.jbo.domain.Date"/>
      <Parameter
        Name="v"
        Type="java.lang.String"/>
    </Method>
  </ClientInterface>
  <ResourceBundle>
    <PropertiesBundle
      PropertiesFile="oracle.summit.model.ModelBundle"/>
  </ResourceBundle>
</AppModule>
