<?xml version="1.0" encoding="windows-1252" ?>
<!DOCTYPE ViewObject SYSTEM "jbo_03_01.dtd">
<!---->
<ViewObject
  xmlns="http://xmlns.oracle.com/bc4j"
  Name="ProductInventoryVO"
  Version="12.1.2.66.18"
  InheritPersonalization="merge"
  SelectList="Product.ID, 
       Product.NAME, 
       Product.SHORT_DESC, 
       Inventory.AMOUNT_IN_STOCK, 
       Inventory.PRODUCT_ID, 
       Inventory.WAREHOUSE_ID"
  FromList="S_PRODUCT Product, S_INVENTORY Inventory"
  Where="Product.ID = Inventory.PRODUCT_ID"
  BindingStyle="OracleName"
  CustomQuery="false"
  RowClass="oracle.summit.model.multieoupdate.ProductInventoryVORowImpl"
  ComponentClass="oracle.summit.model.multieoupdate.ProductInventoryVOImpl"
  PageIterMode="Full">
  <DesignTime>
    <Attr Name="_codeGenFlag2" Value="Access|Coll|VarAccess"/>
    <Attr Name="_isCodegen" Value="true"/>
  </DesignTime>
  <Properties>
    <SchemaBasedProperties>
      <LABEL
        ResId="oracle.summit.model.multieoupdate.ProductInventoryVO_LABEL"/>
    </SchemaBasedProperties>
  </Properties>
  <EntityUsage
    Name="Product"
    Entity="oracle.summit.model.multieoupdate.Product"/>
  <EntityUsage
    Name="Inventory"
    Entity="oracle.summit.model.multieoupdate.Inventory"
    Association="oracle.summit.model.multieoupdate.SInventoryProductIdFkAssoc"
    AssociationEnd="oracle.summit.model.multieoupdate.SInventoryProductIdFkAssoc.Inventory"
    SourceUsage="oracle.summit.model.multieoupdate.ProductInventoryVO.Product"
    DeleteParticipant="false"
    JoinType="INNER JOIN">
    <DesignTime>
      <AttrArray Name="_srcAttributes">
        <Item Value="oracle.summit.model.multieoupdate.Product.Id"/>
      </AttrArray>
      <AttrArray Name="_dstAttributes">
        <Item Value="oracle.summit.model.multieoupdate.Inventory.ProductId"/>
      </AttrArray>
    </DesignTime>
  </EntityUsage>
  <ViewAttribute
    Name="Id"
    IsNotNull="true"
    PrecisionRule="true"
    EntityAttrName="Id"
    EntityUsage="Product"
    AliasName="ID"/>
  <ViewAttribute
    Name="Name"
    IsUnique="true"
    IsNotNull="true"
    PrecisionRule="true"
    EntityAttrName="Name"
    EntityUsage="Product"
    AliasName="NAME"/>
  <ViewAttribute
    Name="ShortDesc"
    PrecisionRule="true"
    EntityAttrName="ShortDesc"
    EntityUsage="Product"
    AliasName="SHORT_DESC"/>
  <ViewAttribute
    Name="AmountInStock"
    PrecisionRule="true"
    EntityAttrName="AmountInStock"
    EntityUsage="Inventory"
    AliasName="AMOUNT_IN_STOCK"/>
  <ViewAttribute
    Name="ProductId"
    IsNotNull="true"
    PrecisionRule="true"
    EntityAttrName="ProductId"
    EntityUsage="Inventory"
    AliasName="PRODUCT_ID"/>
  <ViewAttribute
    Name="WarehouseId"
    IsNotNull="true"
    PrecisionRule="true"
    EntityAttrName="WarehouseId"
    EntityUsage="Inventory"
    AliasName="WAREHOUSE_ID"/>
  <ResourceBundle>
    <PropertiesBundle
      PropertiesFile="oracle.summit.model.ModelBundle"/>
  </ResourceBundle>
</ViewObject>
