<?xml version="1.0" encoding="windows-1252" ?>
<!DOCTYPE Association SYSTEM "jbo_03_01.dtd">
<!---->
<Association
  xmlns="http://xmlns.oracle.com/bc4j"
  Name="SInventoryProductIdFkAssoc"
  Version="12.1.2.66.18"
  InheritPersonalization="merge">
  <DesignTime>
    <Attr Name="_isCodegen" Value="true"/>
  </DesignTime>
  <AssociationEnd
    Name="Product"
    Cardinality="1"
    Source="true"
    Owner="oracle.summit.model.multieoupdate.Product">
    <DesignTime>
      <Attr Name="_aggregation" Value="0"/>
      <Attr Name="_finderName" Value="Product"/>
      <Attr Name="_foreignKey" Value="oracle.summit.model.multieoupdate.Product.SProductIdPk"/>
      <Attr Name="_isUpdateable" Value="true"/>
      <Attr Name="_minCardinality" Value="1"/>
    </DesignTime>
    <AttrArray Name="Attributes">
      <Item Value="oracle.summit.model.multieoupdate.Product.Id"/>
    </AttrArray>
  </AssociationEnd>
  <AssociationEnd
    Name="Inventory"
    Cardinality="-1"
    Owner="oracle.summit.model.multieoupdate.Inventory">
    <DesignTime>
      <Attr Name="_aggregation" Value="0"/>
      <Attr Name="_finderName" Value="Inventory"/>
      <Attr Name="_foreignKey" Value="oracle.summit.model.multieoupdate.Inventory.SInventoryProductIdFk"/>
      <Attr Name="_isUpdateable" Value="true"/>
    </DesignTime>
    <AttrArray Name="Attributes">
      <Item Value="oracle.summit.model.multieoupdate.Inventory.ProductId"/>
    </AttrArray>
  </AssociationEnd>
</Association>
