<?xml version="1.0" encoding="windows-1252" ?>
<!DOCTYPE ViewObject SYSTEM "jbo_03_01.dtd">
<!---->
<ViewObject
  xmlns="http://xmlns.oracle.com/bc4j"
  Name="DepartmentVO"
  Version="12.2.1.12.24"
  InheritPersonalization="merge"
  BindingStyle="OracleName"
  CustomQuery="true"
  PageIterMode="Full"
  RowClass="model.DepartmentVORowImpl"
  ComponentClass="model.DepartmentVOImpl">
  <DesignTime>
    <Attr Name="_isExpertMode" Value="true"/>
    <Attr Name="_codeGenFlag2" Value="Access|Coll|VarAccess"/>
    <Attr Name="_isCodegen" Value="true"/>
  </DesignTime>
  <Properties>
    <SchemaBasedProperties>
      <LABEL
        ResId="model.DepartmentVO_LABEL"/>
    </SchemaBasedProperties>
  </Properties>
  <SQLQuery><![CDATA[SELECT  
    DEPARTMENTS.DEPARTMENT_ID DEPARTMENT_ID,  
    DEPARTMENTS.DEPARTMENT_NAME DEPARTMENT_NAME,  
    DEPARTMENTS.MANAGER_ID MANAGER_ID,  
    DEPARTMENTS.LOCATION_ID LOCATION_ID  
FROM  
    DEPARTMENTS]]></SQLQuery>
  <ViewAttribute
    Name="DepartmentId"
    IsUpdateable="false"
    IsPersistent="false"
    PrecisionRule="true"
    Type="java.lang.Integer"
    ColumnType="INTEGER"
    AliasName="DEPARTMENT_ID"
    Expression="DEPARTMENT_ID"
    SQLType="INTEGER"/>
  <ViewAttribute
    Name="DepartmentName"
    IsUpdateable="false"
    IsPersistent="false"
    PrecisionRule="true"
    Precision="30"
    Type="java.lang.String"
    ColumnType="VARCHAR2"
    AliasName="DEPARTMENT_NAME"
    Expression="DEPARTMENT_NAME"
    SQLType="VARCHAR">
    <DesignTime>
      <Attr Name="_DisplaySize" Value="30"/>
    </DesignTime>
  </ViewAttribute>
  <ViewAttribute
    Name="ManagerId"
    IsUpdateable="false"
    IsPersistent="false"
    PrecisionRule="true"
    Precision="6"
    Scale="0"
    Type="java.lang.Integer"
    ColumnType="NUMBER"
    AliasName="MANAGER_ID"
    Expression="MANAGER_ID"
    SQLType="INTEGER"/>
  <ViewAttribute
    Name="LocationId"
    IsUpdateable="false"
    IsPersistent="false"
    PrecisionRule="true"
    Precision="4"
    Scale="0"
    Type="java.lang.Integer"
    ColumnType="NUMBER"
    AliasName="LOCATION_ID"
    Expression="LOCATION_ID"
    SQLType="INTEGER"/>
  <ViewAttribute
    Name="SelectCheck"
    IsSelected="false"
    IsPersistent="false"
    PrecisionRule="true"
    Type="java.lang.Boolean"
    ColumnType="NUMBER"
    AliasName="VIEW_ATTR"
    SQLType="BIT">
    <Properties>
      <SchemaBasedProperties>
        <CONTROLTYPE
          Value="check_box"/>
      </SchemaBasedProperties>
    </Properties>
  </ViewAttribute>
  <ViewAttribute
    Name="SelectCheck1"
    IsSelected="false"
    IsPersistent="false"
    PrecisionRule="true"
    Type="java.lang.Boolean"
    ColumnType="NUMBER"
    AliasName="VIEW_ATTR"
    SQLType="BIT"
    DefaultValue="True">
    <Properties>
      <SchemaBasedProperties>
        <CONTROLTYPE
          Value="check_box"/>
      </SchemaBasedProperties>
    </Properties>
  </ViewAttribute>
  <ViewAttribute
    Name="SelectCheck2"
    IsSelected="false"
    IsPersistent="false"
    PrecisionRule="true"
    Type="java.lang.Boolean"
    ColumnType="NUMBER"
    AliasName="VIEW_ATTR"
    SQLType="BIT">
    <Properties>
      <SchemaBasedProperties>
        <CONTROLTYPE
          Value="check_box"/>
      </SchemaBasedProperties>
    </Properties>
  </ViewAttribute>
  <AttrArray Name="KeyAttributes">
    <Item Value="DepartmentId"/>
  </AttrArray>
  <ViewLinkAccessor
    Name="EmployeesVO"
    ViewLink="model.DeptEmpVL"
    Type="oracle.jbo.RowIterator"
    IsUpdateable="false"/>
  <ResourceBundle>
    <PropertiesBundle
      PropertiesFile="model.ModelBundle"/>
  </ResourceBundle>
</ViewObject>
