<?xml version="1.0" encoding="windows-1252" ?>
<!DOCTYPE ViewObject SYSTEM "jbo_03_01.dtd">
<!---->
<ViewObject
  xmlns="http://xmlns.oracle.com/bc4j"
  Name="EmployeesVO"
  Version="12.2.1.12.24"
  InheritPersonalization="merge"
  BindingStyle="OracleName"
  CustomQuery="true"
  PageIterMode="Full">
  <DesignTime>
    <Attr Name="_isExpertMode" Value="true"/>
  </DesignTime>
  <Properties>
    <SchemaBasedProperties>
      <LABEL
        ResId="model.EmployeesVO_LABEL"/>
    </SchemaBasedProperties>
  </Properties>
  <SQLQuery><![CDATA[SELECT      
    EMPLOYEES.EMPLOYEE_ID EMPLOYEE_ID,      
    EMPLOYEES.FIRST_NAME FIRST_NAME,      
    EMPLOYEES.LAST_NAME LAST_NAME,      
    EMPLOYEES.EMAIL EMAIL,      
    EMPLOYEES.PHONE_NUMBER PHONE_NUMBER,      
    EMPLOYEES.HIRE_DATE HIRE_DATE,      
    EMPLOYEES.JOB_ID JOB_ID,      
    EMPLOYEES.SALARY SALARY,      
    EMPLOYEES.COMMISSION_PCT COMMISSION_PCT,      
    EMPLOYEES.MANAGER_ID MANAGER_ID,      
    EMPLOYEES.DEPARTMENT_ID DEPARTMENT_ID,  
    NULL EMPCHKBOX,    
    NULL EMPTEXTBOX    
FROM      
    EMPLOYEES]]></SQLQuery>
  <ViewAttribute
    Name="EmployeeId"
    IsUpdateable="false"
    IsPersistent="false"
    PrecisionRule="true"
    Type="java.lang.Integer"
    ColumnType="INTEGER"
    AliasName="EMPLOYEE_ID"
    Expression="EMPLOYEE_ID"
    SQLType="INTEGER"/>
  <ViewAttribute
    Name="FirstName"
    IsUpdateable="false"
    IsPersistent="false"
    PrecisionRule="true"
    Precision="20"
    Type="java.lang.String"
    ColumnType="VARCHAR2"
    AliasName="FIRST_NAME"
    Expression="FIRST_NAME"
    SQLType="VARCHAR">
    <DesignTime>
      <Attr Name="_DisplaySize" Value="20"/>
    </DesignTime>
  </ViewAttribute>
  <ViewAttribute
    Name="LastName"
    IsUpdateable="false"
    IsPersistent="false"
    PrecisionRule="true"
    Precision="25"
    Type="java.lang.String"
    ColumnType="VARCHAR2"
    AliasName="LAST_NAME"
    Expression="LAST_NAME"
    SQLType="VARCHAR">
    <DesignTime>
      <Attr Name="_DisplaySize" Value="25"/>
    </DesignTime>
  </ViewAttribute>
  <ViewAttribute
    Name="Email"
    IsUpdateable="false"
    IsPersistent="false"
    PrecisionRule="true"
    Precision="25"
    Type="java.lang.String"
    ColumnType="VARCHAR2"
    AliasName="EMAIL"
    Expression="EMAIL"
    SQLType="VARCHAR">
    <DesignTime>
      <Attr Name="_DisplaySize" Value="25"/>
    </DesignTime>
  </ViewAttribute>
  <ViewAttribute
    Name="PhoneNumber"
    IsUpdateable="false"
    IsPersistent="false"
    PrecisionRule="true"
    Precision="20"
    Type="java.lang.String"
    ColumnType="VARCHAR2"
    AliasName="PHONE_NUMBER"
    Expression="PHONE_NUMBER"
    SQLType="VARCHAR">
    <DesignTime>
      <Attr Name="_DisplaySize" Value="20"/>
    </DesignTime>
  </ViewAttribute>
  <ViewAttribute
    Name="HireDate"
    IsUpdateable="false"
    IsPersistent="false"
    PrecisionRule="true"
    Type="java.sql.Timestamp"
    ColumnType="DATE"
    AliasName="HIRE_DATE"
    Expression="HIRE_DATE"
    SQLType="DATE"/>
  <ViewAttribute
    Name="JobId"
    IsUpdateable="false"
    IsPersistent="false"
    PrecisionRule="true"
    Precision="10"
    Type="java.lang.String"
    ColumnType="VARCHAR2"
    AliasName="JOB_ID"
    Expression="JOB_ID"
    SQLType="VARCHAR">
    <DesignTime>
      <Attr Name="_DisplaySize" Value="10"/>
    </DesignTime>
  </ViewAttribute>
  <ViewAttribute
    Name="Salary"
    IsUpdateable="false"
    IsPersistent="false"
    PrecisionRule="true"
    Precision="8"
    Scale="2"
    Type="java.math.BigDecimal"
    ColumnType="NUMBER"
    AliasName="SALARY"
    Expression="SALARY"
    SQLType="NUMERIC"/>
  <ViewAttribute
    Name="CommissionPct"
    IsUpdateable="false"
    IsPersistent="false"
    PrecisionRule="true"
    Precision="2"
    Scale="2"
    Type="java.math.BigDecimal"
    ColumnType="NUMBER"
    AliasName="COMMISSION_PCT"
    Expression="COMMISSION_PCT"
    SQLType="NUMERIC"/>
  <ViewAttribute
    Name="ManagerId"
    IsUpdateable="false"
    IsPersistent="false"
    PrecisionRule="true"
    Precision="6"
    Scale="0"
    Type="java.lang.Integer"
    ColumnType="NUMBER"
    AliasName="MANAGER_ID"
    Expression="MANAGER_ID"
    SQLType="INTEGER"/>
  <ViewAttribute
    Name="DepartmentId"
    IsUpdateable="false"
    IsPersistent="false"
    PrecisionRule="true"
    Precision="4"
    Scale="0"
    Type="java.lang.Integer"
    ColumnType="NUMBER"
    AliasName="DEPARTMENT_ID"
    Expression="DEPARTMENT_ID"
    SQLType="INTEGER"/>
  <ViewAttribute
    Name="Empchkbox"
    IsPersistent="false"
    PrecisionRule="true"
    Type="java.lang.String"
    ColumnType="VARCHAR2"
    AliasName="EMPCHKBOX"
    Expression="EMPCHKBOX"
    SQLType="VARCHAR">
    <Properties>
      <SchemaBasedProperties>
        <CONTROLTYPE
          Value="check_box"/>
        <AUTOSUBMIT
          Value="true"/>
        <LABEL
          ResId="model.EmployeesVO.Empchkbox_LABEL"/>
      </SchemaBasedProperties>
    </Properties>
  </ViewAttribute>
  <ViewAttribute
    Name="Emptextbox"
    IsPersistent="false"
    PrecisionRule="true"
    Type="java.lang.String"
    ColumnType="VARCHAR2"
    AliasName="EMPTEXTBOX"
    Expression="EMPTEXTBOX"
    SQLType="VARCHAR">
    <Properties>
      <SchemaBasedProperties>
        <AUTOSUBMIT
          Value="true"/>
        <LABEL
          ResId="model.EmployeesVO.Emptextbox_LABEL"/>
      </SchemaBasedProperties>
    </Properties>
  </ViewAttribute>
  <ViewAttribute
    Name="SelectCheck"
    IsSelected="false"
    IsPersistent="false"
    PrecisionRule="true"
    Type="java.lang.Boolean"
    ColumnType="NUMBER"
    AliasName="VIEW_ATTR"
    SQLType="BIT"
    Passivate="true">
    <Properties>
      <SchemaBasedProperties>
        <CONTROLTYPE
          Value="check_box"/>
        <LABEL
          ResId="model.EmployeesVO.SelectCheck_LABEL"/>
      </SchemaBasedProperties>
    </Properties>
  </ViewAttribute>
  <ViewAttribute
    Name="SelectCheck1"
    IsSelected="false"
    IsPersistent="false"
    PrecisionRule="true"
    Type="java.lang.Boolean"
    ColumnType="NUMBER"
    AliasName="VIEW_ATTR"
    SQLType="BIT"
    DefaultValue="True">
    <Properties>
      <SchemaBasedProperties>
        <CONTROLTYPE
          Value="check_box"/>
        <AUTOSUBMIT
          Value="true"/>
        <LABEL
          ResId="model.EmployeesVO.SelectCheck1_LABEL"/>
      </SchemaBasedProperties>
    </Properties>
  </ViewAttribute>
  <ViewAttribute
    Name="SelectCheck2"
    IsSelected="false"
    IsPersistent="false"
    PrecisionRule="true"
    Type="java.lang.Boolean"
    ColumnType="NUMBER"
    AliasName="VIEW_ATTR"
    SQLType="BIT">
    <Properties>
      <SchemaBasedProperties>
        <CONTROLTYPE
          Value="check_box"/>
        <AUTOSUBMIT
          Value="true"/>
        <LABEL
          ResId="model.EmployeesVO.SelectCheck2_LABEL"/>
      </SchemaBasedProperties>
    </Properties>
  </ViewAttribute>
  <AttrArray Name="KeyAttributes">
    <Item Value="EmployeeId"/>
  </AttrArray>
  <ResourceBundle>
    <PropertiesBundle
      PropertiesFile="model.ModelBundle"/>
  </ResourceBundle>
</ViewObject>
