<?xml version='1.0' encoding='UTF-8' ?>
<!DOCTYPE Entity SYSTEM "jbo_03_01.dtd">

<Entity
   xmlns="http://xmlns.oracle.com/bc4j"
   Name="Dept"
   Version="12.1.3.2.36"
   InheritPersonalization="merge"
   DBObjectType="table"
   DBObjectName="S_DEPT"
   AliasName="Dept"
   BindingStyle="OracleName"
   RowClass="oracle.summit.base.SummitEntityImpl" >
   <Attribute
      Name="Id"
      IsNotNull="true"
      Precision="7"
      Scale="0"
      ColumnName="ID"
      SQLType="NUMERIC"
      Type="java.lang.Integer"
      ColumnType="NUMBER"
      TableName="S_DEPT"
      PrimaryKey="true" >
   </Attribute>
   <Attribute
      Name="Name"
      IsUnique="true"
      IsNotNull="true"
      Precision="25"
      ColumnName="NAME"
      SQLType="VARCHAR"
      Type="java.lang.String"
      ColumnType="VARCHAR2"
      TableName="S_DEPT" >
      <DesignTime>
         <Attr Name="_DisplaySize" Value="25" />
      </DesignTime>
   </Attribute>
   <Attribute
      Name="RegionId"
      IsUnique="true"
      Precision="7"
      Scale="0"
      ColumnName="REGION_ID"
      SQLType="NUMERIC"
      Type="java.lang.Integer"
      ColumnType="NUMBER"
      TableName="S_DEPT" >
   </Attribute>
   <AccessorAttribute
      Name="Emp"
      Association="oracle.summit.model.sdo.entities.SEmpDeptIdFkAssoc"
      AssociationEnd="oracle.summit.model.sdo.entities.SEmpDeptIdFkAssoc.Emp"
      AssociationOtherEnd="oracle.summit.model.sdo.entities.SEmpDeptIdFkAssoc.Dept"
      Type="oracle.jbo.RowIterator"
      IsUpdateable="false" >
   </AccessorAttribute>
   <Key
      Name="SDeptIdNn" >
      <AttrArray Name="Attributes">
      </AttrArray>
      <DesignTime>
         <Attr Name="_DBObjectName" Value="S_DEPT_ID_NN" />
         <Attr Name="_checkCondition" Value="ID IS NOT NULL" />
         <Attr Name="_isCheck" Value="true" />
      </DesignTime>
   </Key>
   <Key
      Name="SDeptIdPk"
      PrimaryKey="true" >
      <AttrArray Name="Attributes">
         <Item Value="oracle.summit.model.sdo.entities.Dept.Id" />
      </AttrArray>
      <DesignTime>
         <Attr Name="_DBObjectName" Value="S_DEPT_ID_PK" />
      </DesignTime>
   </Key>
   <Key
      Name="SDeptNameNn" >
      <AttrArray Name="Attributes">
      </AttrArray>
      <DesignTime>
         <Attr Name="_DBObjectName" Value="S_DEPT_NAME_NN" />
         <Attr Name="_checkCondition" Value="NAME IS NOT NULL" />
         <Attr Name="_isCheck" Value="true" />
      </DesignTime>
   </Key>
   <Key
      Name="SDeptNameRegionIdUk" >
      <AttrArray Name="Attributes">
         <Item Value="oracle.summit.model.sdo.entities.Dept.Name" />
         <Item Value="oracle.summit.model.sdo.entities.Dept.RegionId" />
      </AttrArray>
      <DesignTime>
         <Attr Name="_isUnique" Value="true" />
         <Attr Name="_DBObjectName" Value="S_DEPT_NAME_REGION_ID_UK" />
      </DesignTime>
   </Key>
   <Key
      Name="SDeptRegionIdFk" >
      <AttrArray Name="Attributes">
         <Item Value="oracle.summit.model.sdo.entities.Dept.RegionId" />
      </AttrArray>
      <DesignTime>
         <Attr Name="_referencedKey" Value="S_REGION_ID_PK" />
         <Attr Name="_isForeign" Value="true" />
         <Attr Name="_DBObjectName" Value="S_DEPT_REGION_ID_FK" />
      </DesignTime>
   </Key>
</Entity>
