<?xml version='1.0' encoding='UTF-8' ?>
<!DOCTYPE Entity SYSTEM "jbo_03_01.dtd">

<Entity
   xmlns="http://xmlns.oracle.com/bc4j"
   Name="Emp"
   Version="12.1.3.2.36"
   InheritPersonalization="merge"
   DBObjectType="table"
   DBObjectName="S_EMP"
   AliasName="Emp"
   BindingStyle="OracleName"
   RowClass="oracle.summit.base.SummitEntityImpl" >
   <Attribute
      Name="Id"
      IsNotNull="true"
      Precision="7"
      Scale="0"
      ColumnName="ID"
      SQLType="NUMERIC"
      Type="java.lang.Integer"
      ColumnType="NUMBER"
      TableName="S_EMP"
      PrimaryKey="true" >
   </Attribute>
   <Attribute
      Name="LastName"
      IsNotNull="true"
      Precision="25"
      ColumnName="LAST_NAME"
      SQLType="VARCHAR"
      Type="java.lang.String"
      ColumnType="VARCHAR2"
      TableName="S_EMP" >
      <DesignTime>
         <Attr Name="_DisplaySize" Value="25" />
      </DesignTime>
   </Attribute>
   <Attribute
      Name="FirstName"
      Precision="25"
      ColumnName="FIRST_NAME"
      SQLType="VARCHAR"
      Type="java.lang.String"
      ColumnType="VARCHAR2"
      TableName="S_EMP" >
      <DesignTime>
         <Attr Name="_DisplaySize" Value="25" />
      </DesignTime>
   </Attribute>
   <Attribute
      Name="Userid"
      IsUnique="true"
      Precision="8"
      ColumnName="USERID"
      SQLType="VARCHAR"
      Type="java.lang.String"
      ColumnType="VARCHAR2"
      TableName="S_EMP" >
      <DesignTime>
         <Attr Name="_DisplaySize" Value="8" />
      </DesignTime>
   </Attribute>
   <Attribute
      Name="Email"
      Precision="100"
      ColumnName="EMAIL"
      SQLType="VARCHAR"
      Type="java.lang.String"
      ColumnType="VARCHAR2"
      TableName="S_EMP" >
      <DesignTime>
         <Attr Name="_DisplaySize" Value="100" />
      </DesignTime>
   </Attribute>
   <Attribute
      Name="StartDate"
      ColumnName="START_DATE"
      SQLType="DATE"
      Type="java.sql.Date"
      ColumnType="DATE"
      TableName="S_EMP" >
   </Attribute>
   <Attribute
      Name="Comments"
      Precision="255"
      ColumnName="COMMENTS"
      SQLType="VARCHAR"
      Type="java.lang.String"
      ColumnType="VARCHAR2"
      TableName="S_EMP" >
      <DesignTime>
         <Attr Name="_DisplaySize" Value="255" />
      </DesignTime>
   </Attribute>
   <Attribute
      Name="ManagerId"
      Precision="7"
      Scale="0"
      ColumnName="MANAGER_ID"
      SQLType="NUMERIC"
      Type="java.lang.Integer"
      ColumnType="NUMBER"
      TableName="S_EMP" >
   </Attribute>
   <Attribute
      Name="TitleId"
      ColumnName="TITLE_ID"
      SQLType="NUMERIC"
      Type="java.math.BigDecimal"
      ColumnType="NUMBER"
      TableName="S_EMP" >
   </Attribute>
   <Attribute
      Name="DeptId"
      Precision="7"
      Scale="0"
      ColumnName="DEPT_ID"
      SQLType="NUMERIC"
      Type="java.lang.Integer"
      ColumnType="NUMBER"
      TableName="S_EMP" >
   </Attribute>
   <Attribute
      Name="Salary"
      Precision="11"
      Scale="2"
      ColumnName="SALARY"
      SQLType="NUMERIC"
      Type="java.math.BigDecimal"
      ColumnType="NUMBER"
      TableName="S_EMP" >
   </Attribute>
   <Attribute
      Name="CommissionPct"
      Precision="4"
      Scale="2"
      ColumnName="COMMISSION_PCT"
      SQLType="NUMERIC"
      Type="java.math.BigDecimal"
      ColumnType="NUMBER"
      TableName="S_EMP" >
   </Attribute>
   <AccessorAttribute
      Name="Emp"
      Association="oracle.summit.model.sdo.entities.SEmpManagerIdFkAssoc"
      AssociationEnd="oracle.summit.model.sdo.entities.SEmpManagerIdFkAssoc.Emp"
      AssociationOtherEnd="oracle.summit.model.sdo.entities.SEmpManagerIdFkAssoc.ManagerIdEmp"
      Type="oracle.jbo.RowIterator"
      IsUpdateable="false" >
   </AccessorAttribute>
   <AccessorAttribute
      Name="ManagerIdEmp"
      Association="oracle.summit.model.sdo.entities.SEmpManagerIdFkAssoc"
      AssociationEnd="oracle.summit.model.sdo.entities.SEmpManagerIdFkAssoc.ManagerIdEmp"
      AssociationOtherEnd="oracle.summit.model.sdo.entities.SEmpManagerIdFkAssoc.Emp"
      Type="oracle.summit.base.SummitEntityImpl" >
   </AccessorAttribute>
   <AccessorAttribute
      Name="Dept"
      Association="oracle.summit.model.sdo.entities.SEmpDeptIdFkAssoc"
      AssociationEnd="oracle.summit.model.sdo.entities.SEmpDeptIdFkAssoc.Dept"
      AssociationOtherEnd="oracle.summit.model.sdo.entities.SEmpDeptIdFkAssoc.Emp"
      Type="oracle.summit.base.SummitEntityImpl" >
   </AccessorAttribute>
   <Key
      Name="SEmpCommissionPctCk" >
      <AttrArray Name="Attributes">
      </AttrArray>
      <DesignTime>
         <Attr Name="_DBObjectName" Value="S_EMP_COMMISSION_PCT_CK" />
         <Attr Name="_checkCondition" Value="COMMISSION_PCT IN (10, 12.5, 15, 17.5, 20)" />
         <Attr Name="_isCheck" Value="true" />
      </DesignTime>
   </Key>
   <Key
      Name="SEmpIdNn" >
      <AttrArray Name="Attributes">
      </AttrArray>
      <DesignTime>
         <Attr Name="_DBObjectName" Value="S_EMP_ID_NN" />
         <Attr Name="_checkCondition" Value="ID IS NOT NULL" />
         <Attr Name="_isCheck" Value="true" />
      </DesignTime>
   </Key>
   <Key
      Name="SEmpIdPk"
      PrimaryKey="true" >
      <AttrArray Name="Attributes">
         <Item Value="oracle.summit.model.sdo.entities.Emp.Id" />
      </AttrArray>
      <DesignTime>
         <Attr Name="_DBObjectName" Value="S_EMP_ID_PK" />
      </DesignTime>
   </Key>
   <Key
      Name="SEmpLastNameNn" >
      <AttrArray Name="Attributes">
      </AttrArray>
      <DesignTime>
         <Attr Name="_DBObjectName" Value="S_EMP_LAST_NAME_NN" />
         <Attr Name="_checkCondition" Value="LAST_NAME IS NOT NULL" />
         <Attr Name="_isCheck" Value="true" />
      </DesignTime>
   </Key>
   <Key
      Name="SEmpUseridUk" >
      <AttrArray Name="Attributes">
         <Item Value="oracle.summit.model.sdo.entities.Emp.Userid" />
      </AttrArray>
      <DesignTime>
         <Attr Name="_isUnique" Value="true" />
         <Attr Name="_DBObjectName" Value="S_EMP_USERID_UK" />
      </DesignTime>
   </Key>
   <Key
      Name="SEmpDeptIdFk" >
      <AttrArray Name="Attributes">
         <Item Value="oracle.summit.model.sdo.entities.Emp.DeptId" />
      </AttrArray>
      <DesignTime>
         <Attr Name="_referencedKey" Value="S_DEPT_ID_PK" />
         <Attr Name="_isForeign" Value="true" />
         <Attr Name="_DBObjectName" Value="S_EMP_DEPT_ID_FK" />
      </DesignTime>
   </Key>
   <Key
      Name="SEmpManagerIdFk" >
      <AttrArray Name="Attributes">
         <Item Value="oracle.summit.model.sdo.entities.Emp.ManagerId" />
      </AttrArray>
      <DesignTime>
         <Attr Name="_referencedKey" Value="S_EMP_ID_PK" />
         <Attr Name="_isForeign" Value="true" />
         <Attr Name="_DBObjectName" Value="S_EMP_MANAGER_ID_FK" />
      </DesignTime>
   </Key>
   <Key
      Name="SEmpSTitleFk1" >
      <AttrArray Name="Attributes">
         <Item Value="oracle.summit.model.sdo.entities.Emp.TitleId" />
      </AttrArray>
      <DesignTime>
         <Attr Name="_referencedKey" Value="S_TITLE_PK" />
         <Attr Name="_isForeign" Value="true" />
         <Attr Name="_DBObjectName" Value="S_EMP_S_TITLE_FK1" />
      </DesignTime>
   </Key>
</Entity>
