<?xml version='1.0' encoding='UTF-8' ?>
<!DOCTYPE Association SYSTEM "jbo_03_01.dtd">

<Association
   xmlns="http://xmlns.oracle.com/bc4j"
   Name="SEmpDeptIdFkAssoc"
   Version="12.1.3.2.36"
   InheritPersonalization="merge" >
   <DesignTime>
      <Attr Name="_isCodegen" Value="true" />
   </DesignTime>
   <AssociationEnd
      Name="Dept"
      Cardinality="1"
      Source="true"
      Owner="oracle.summit.model.sdo.entities.Dept" >
      <AttrArray Name="Attributes">
         <Item Value="oracle.summit.model.sdo.entities.Dept.Id" />
      </AttrArray>
      <DesignTime>
         <Attr Name="_aggregation" Value="0" />
         <Attr Name="_finderName" Value="Dept" />
         <Attr Name="_foreignKey" Value="oracle.summit.model.sdo.entities.Dept.SDeptIdPk" />
         <Attr Name="_isUpdateable" Value="true" />
      </DesignTime>
   </AssociationEnd>
   <AssociationEnd
      Name="Emp"
      Cardinality="-1"
      Owner="oracle.summit.model.sdo.entities.Emp" >
      <AttrArray Name="Attributes">
         <Item Value="oracle.summit.model.sdo.entities.Emp.DeptId" />
      </AttrArray>
      <DesignTime>
         <Attr Name="_aggregation" Value="0" />
         <Attr Name="_finderName" Value="Emp" />
         <Attr Name="_foreignKey" Value="oracle.summit.model.sdo.entities.Emp.SEmpDeptIdFk" />
         <Attr Name="_isUpdateable" Value="true" />
      </DesignTime>
   </AssociationEnd>
</Association>
