<?xml version="1.0" encoding="windows-1252" ?>
<!DOCTYPE Entity SYSTEM "jbo_03_01.dtd">
<!---->
<Entity
  xmlns="http://xmlns.oracle.com/bc4j"
  Name="CountryEO"
  Version="11.1.1.60.13"
  DBObjectType="table"
  DBObjectName="S_COUNTRIES"
  AliasName="CountryEO"
  BindingStyle="OracleName"
  UseGlueCode="false"
  RowClass="oracle.summit.base.SummitEntityImpl">
  <DesignTime>
    <Attr Name="_codeGenFlag2" Value="Access"/>
    <AttrArray Name="_publishEvents"/>
  </DesignTime>
  <Attribute
    Name="Id"
    IsNotNull="true"
    Precision="7"
    Scale="0"
    ColumnName="ID"
    SQLType="NUMERIC"
    Type="java.lang.Integer"
    ColumnType="NUMBER"
    TableName="S_COUNTRIES"
    PrimaryKey="true">
    <DesignTime>
      <Attr Name="_DisplaySize" Value="22"/>
    </DesignTime>
  </Attribute>
  <Attribute
    Name="Country"
    IsUnique="true"
    Precision="50"
    ColumnName="COUNTRY"
    SQLType="VARCHAR"
    Type="java.lang.String"
    ColumnType="VARCHAR2"
    TableName="S_COUNTRIES">
    <DesignTime>
      <Attr Name="_DisplaySize" Value="50"/>
    </DesignTime>
  </Attribute>
  <Attribute
    Name="RegionId"
    Precision="7"
    Scale="0"
    ColumnName="REGION_ID"
    SQLType="NUMERIC"
    Type="java.lang.Integer"
    ColumnType="NUMBER"
    TableName="S_COUNTRIES">
    <DesignTime>
      <Attr Name="_DisplaySize" Value="22"/>
    </DesignTime>
  </Attribute>
  <AccessorAttribute
    Name="CustomerEO"
    Association="oracle.summit.model.entities.assoc.SCustomerCountryIdFkAssoc"
    AssociationEnd="oracle.summit.model.entities.assoc.SCustomerCountryIdFkAssoc.CustomerEO"
    AssociationOtherEnd="oracle.summit.model.entities.assoc.SCustomerCountryIdFkAssoc.CountryEO"
    Type="oracle.jbo.RowIterator"
    IsUpdateable="false"/>
  <AccessorAttribute
    Name="WarehouseEO"
    Association="oracle.summit.model.entities.assoc.SWarehouseCountryIdFkAssoc"
    AssociationEnd="oracle.summit.model.entities.assoc.SWarehouseCountryIdFkAssoc.WarehouseEO"
    AssociationOtherEnd="oracle.summit.model.entities.assoc.SWarehouseCountryIdFkAssoc.CountryEO"
    Type="oracle.jbo.RowIterator"
    IsUpdateable="false"/>
  <Key
    Name="SCountriesPk"
    PrimaryKey="true">
    <DesignTime>
      <Attr Name="_DBObjectName" Value="S_COUNTRIES_PK"/>
    </DesignTime>
    <AttrArray Name="Attributes"/>
  </Key>
  <Key
    Name="SCountriesUk">
    <DesignTime>
      <Attr Name="_isUnique" Value="true"/>
      <Attr Name="_DBObjectName" Value="S_COUNTRIES_UK"/>
    </DesignTime>
    <AttrArray Name="Attributes"/>
  </Key>
  <Key
    Name="SysC0024037">
    <DesignTime>
      <Attr Name="_DBObjectName" Value="SYS_C0024037"/>
      <Attr Name="_checkCondition" Value='"ID" IS NOT NULL'/>
      <Attr Name="_isCheck" Value="true"/>
    </DesignTime>
    <AttrArray Name="Attributes"/>
  </Key>
  <Key
    Name="SCountriesFk">
    <DesignTime>
      <Attr Name="_referencedKey" Value="S_REGION_ID_PK"/>
      <Attr Name="_isForeign" Value="true"/>
      <Attr Name="_DBObjectName" Value="S_COUNTRIES_FK"/>
    </DesignTime>
    <AttrArray Name="Attributes"/>
  </Key>
</Entity>
