<?xml version="1.0" encoding="windows-1252" ?>
<!DOCTYPE Entity SYSTEM "jbo_03_01.dtd">
<!---->
<Entity
  xmlns="http://xmlns.oracle.com/bc4j"
  Name="CreditRatingEO"
  Version="11.1.1.60.13"
  DBObjectType="table"
  DBObjectName="S_CREDIT_RATING"
  AliasName="CreditRatingEO"
  BindingStyle="OracleName"
  UseGlueCode="false"
  RowClass="oracle.summit.base.SummitEntityImpl">
  <DesignTime>
    <Attr Name="_codeGenFlag2" Value="Access"/>
    <AttrArray Name="_publishEvents"/>
  </DesignTime>
  <Attribute
    Name="Id"
    IsNotNull="true"
    Precision="7"
    Scale="0"
    ColumnName="ID"
    SQLType="NUMERIC"
    Type="java.lang.Integer"
    ColumnType="NUMBER"
    TableName="S_CREDIT_RATING"
    PrimaryKey="true">
    <DesignTime>
      <Attr Name="_DisplaySize" Value="22"/>
    </DesignTime>
  </Attribute>
  <Attribute
    Name="CreditRating"
    IsUnique="true"
    IsNotNull="true"
    Precision="20"
    ColumnName="CREDIT_RATING"
    SQLType="VARCHAR"
    Type="java.lang.String"
    ColumnType="VARCHAR2"
    TableName="S_CREDIT_RATING">
    <DesignTime>
      <Attr Name="_DisplaySize" Value="20"/>
    </DesignTime>
  </Attribute>
  <Attribute
    Name="Description"
    Precision="200"
    ColumnName="DESCRIPTION"
    SQLType="VARCHAR"
    Type="java.lang.String"
    ColumnType="VARCHAR2"
    TableName="S_CREDIT_RATING">
    <DesignTime>
      <Attr Name="_DisplaySize" Value="200"/>
    </DesignTime>
  </Attribute>
  <AccessorAttribute
    Name="CustomerEO"
    Association="oracle.summit.model.entities.assoc.SCustomerCreditRatingIdFkAssoc"
    AssociationEnd="oracle.summit.model.entities.assoc.SCustomerCreditRatingIdFkAssoc.CustomerEO"
    AssociationOtherEnd="oracle.summit.model.entities.assoc.SCustomerCreditRatingIdFkAssoc.CreditRatingEO"
    Type="oracle.jbo.RowIterator"
    IsUpdateable="false"/>
  <Key
    Name="SCreditRatingPk"
    PrimaryKey="true">
    <DesignTime>
      <Attr Name="_DBObjectName" Value="S_CREDIT_RATING_PK"/>
    </DesignTime>
  </Key>
  <Key
    Name="SCreditRatingUk">
    <DesignTime>
      <Attr Name="_isUnique" Value="true"/>
      <Attr Name="_DBObjectName" Value="S_CREDIT_RATING_UK"/>
    </DesignTime>
  </Key>
  <Key
    Name="SysC0024065">
    <DesignTime>
      <Attr Name="_DBObjectName" Value="SYS_C0024065"/>
      <Attr Name="_checkCondition" Value='"ID" IS NOT NULL'/>
      <Attr Name="_isCheck" Value="true"/>
    </DesignTime>
  </Key>
  <Key
    Name="SysC0024066">
    <DesignTime>
      <Attr Name="_DBObjectName" Value="SYS_C0024066"/>
      <Attr Name="_checkCondition" Value='"CREDIT_RATING" IS NOT NULL'/>
      <Attr Name="_isCheck" Value="true"/>
    </DesignTime>
  </Key>
</Entity>
