<?xml version="1.0" encoding="windows-1252" ?>
<!DOCTYPE Entity SYSTEM "jbo_03_01.dtd">
<!---->
<Entity
  xmlns="http://xmlns.oracle.com/bc4j"
  Name="EmpEO"
  Version="12.1.2.64.15"
  DBObjectType="table"
  DBObjectName="S_EMP"
  AliasName="EmpEO"
  BindingStyle="OracleName"
  RowClass="oracle.summit.base.SummitEntityImpl">
  <Attribute
    Name="Id"
    IsNotNull="true"
    Precision="7"
    Scale="0"
    ColumnName="ID"
    SQLType="NUMERIC"
    Type="oracle.jbo.domain.Number"
    ColumnType="NUMBER"
    TableName="S_EMP"
    PrimaryKey="true">
    <DesignTime>
      <Attr Name="_DisplaySize" Value="22"/>
    </DesignTime>
  </Attribute>
  <Attribute
    Name="LastName"
    IsNotNull="true"
    Precision="25"
    ColumnName="LAST_NAME"
    SQLType="VARCHAR"
    Type="java.lang.String"
    ColumnType="VARCHAR2"
    TableName="S_EMP">
    <DesignTime>
      <Attr Name="_DisplaySize" Value="25"/>
    </DesignTime>
  </Attribute>
  <Attribute
    Name="FirstName"
    Precision="25"
    ColumnName="FIRST_NAME"
    SQLType="VARCHAR"
    Type="java.lang.String"
    ColumnType="VARCHAR2"
    TableName="S_EMP">
    <DesignTime>
      <Attr Name="_DisplaySize" Value="25"/>
    </DesignTime>
  </Attribute>
  <Attribute
    Name="Userid"
    IsUnique="true"
    Precision="8"
    ColumnName="USERID"
    SQLType="VARCHAR"
    Type="java.lang.String"
    ColumnType="VARCHAR2"
    TableName="S_EMP">
    <DesignTime>
      <Attr Name="_DisplaySize" Value="8"/>
    </DesignTime>
  </Attribute>
  <Attribute
    Name="StartDate"
    ColumnName="START_DATE"
    SQLType="TIMESTAMP"
    Type="java.sql.Date"
    ColumnType="DATE"
    TableName="S_EMP">
    <DesignTime>
      <Attr Name="_DisplaySize" Value="7"/>
    </DesignTime>
  </Attribute>
  <Attribute
    Name="Comments"
    Precision="255"
    ColumnName="COMMENTS"
    SQLType="VARCHAR"
    Type="java.lang.String"
    ColumnType="VARCHAR2"
    TableName="S_EMP">
    <DesignTime>
      <Attr Name="_DisplaySize" Value="255"/>
    </DesignTime>
  </Attribute>
  <Attribute
    Name="ManagerId"
    Precision="7"
    Scale="0"
    ColumnName="MANAGER_ID"
    SQLType="NUMERIC"
    Type="oracle.jbo.domain.Number"
    ColumnType="NUMBER"
    TableName="S_EMP">
    <DesignTime>
      <Attr Name="_DisplaySize" Value="22"/>
    </DesignTime>
  </Attribute>
  <Attribute
    Name="TitleId"
    ColumnName="TITLE_ID"
    SQLType="NUMERIC"
    Type="java.math.BigDecimal"
    ColumnType="NUMBER"
    TableName="S_EMP">
    <DesignTime>
      <Attr Name="_DisplaySize" Value="22"/>
    </DesignTime>
  </Attribute>
  <Attribute
    Name="DeptId"
    Precision="7"
    Scale="0"
    ColumnName="DEPT_ID"
    SQLType="NUMERIC"
    Type="oracle.jbo.domain.Number"
    ColumnType="NUMBER"
    TableName="S_EMP">
    <DesignTime>
      <Attr Name="_DisplaySize" Value="22"/>
    </DesignTime>
  </Attribute>
  <Attribute
    Name="Salary"
    Precision="11"
    Scale="2"
    ColumnName="SALARY"
    SQLType="NUMERIC"
    Type="oracle.jbo.domain.Number"
    ColumnType="NUMBER"
    TableName="S_EMP">
    <DesignTime>
      <Attr Name="_DisplaySize" Value="22"/>
    </DesignTime>
  </Attribute>
  <Attribute
    Name="CommissionPct"
    Precision="4"
    Scale="2"
    ColumnName="COMMISSION_PCT"
    SQLType="NUMERIC"
    Type="oracle.jbo.domain.Number"
    ColumnType="NUMBER"
    TableName="S_EMP">
    <DesignTime>
      <Attr Name="_DisplaySize" Value="22"/>
    </DesignTime>
  </Attribute>
  <Attribute
    Name="Email"
    Precision="100"
    ColumnName="EMAIL"
    SQLType="VARCHAR"
    Type="java.lang.String"
    ColumnType="VARCHAR2"
    TableName="S_EMP">
    <DesignTime>
      <Attr Name="_DisplaySize" Value="100"/>
    </DesignTime>
  </Attribute>
  <AccessorAttribute
    Name="EmpEO"
    Association="oracle.summit.model.entities.assoc.SEmpManagerIdFkAssoc"
    AssociationEnd="oracle.summit.model.entities.assoc.SEmpManagerIdFkAssoc.EmpEO"
    AssociationOtherEnd="oracle.summit.model.entities.assoc.SEmpManagerIdFkAssoc.ManagerIdEmpEO"
    Type="oracle.jbo.RowIterator"
    IsUpdateable="false"/>
  <AccessorAttribute
    Name="ManagerIdEmpEO"
    Association="oracle.summit.model.entities.assoc.SEmpManagerIdFkAssoc"
    AssociationEnd="oracle.summit.model.entities.assoc.SEmpManagerIdFkAssoc.ManagerIdEmpEO"
    AssociationOtherEnd="oracle.summit.model.entities.assoc.SEmpManagerIdFkAssoc.EmpEO"
    Type="oracle.summit.base.SummitEntityImpl"
    IsUpdateable="true"/>
  <AccessorAttribute
    Name="CustomerEO"
    Association="oracle.summit.model.entities.assoc.SSalesRepIdFkAssoc"
    AssociationEnd="oracle.summit.model.entities.assoc.SSalesRepIdFkAssoc.CustomerEO"
    AssociationOtherEnd="oracle.summit.model.entities.assoc.SSalesRepIdFkAssoc.EmpEO"
    Type="oracle.jbo.RowIterator"
    IsUpdateable="false"/>
  <AccessorAttribute
    Name="DeptEO"
    Association="oracle.summit.model.entities.assoc.SEmpDeptIdFkAssoc"
    AssociationEnd="oracle.summit.model.entities.assoc.SEmpDeptIdFkAssoc.DeptEO"
    AssociationOtherEnd="oracle.summit.model.entities.assoc.SEmpDeptIdFkAssoc.EmpEO"
    Type="oracle.summit.base.SummitEntityImpl"
    IsUpdateable="true"/>
  <AccessorAttribute
    Name="OrdEO"
    Association="oracle.summit.model.entities.assoc.SOrdSalesRepIdFkAssoc"
    AssociationEnd="oracle.summit.model.entities.assoc.SOrdSalesRepIdFkAssoc.OrdEO"
    AssociationOtherEnd="oracle.summit.model.entities.assoc.SOrdSalesRepIdFkAssoc.EmpEO"
    Type="oracle.jbo.RowIterator"
    IsUpdateable="false"/>
  <AccessorAttribute
    Name="TitleEO"
    Association="oracle.summit.model.entities.assoc.SEmpSTitleFk1Assoc"
    AssociationEnd="oracle.summit.model.entities.assoc.SEmpSTitleFk1Assoc.TitleEO"
    AssociationOtherEnd="oracle.summit.model.entities.assoc.SEmpSTitleFk1Assoc.EmpEO"
    Type="oracle.summit.base.SummitEntityImpl"
    IsUpdateable="true"/>
  <AccessorAttribute
    Name="WarehouseEO"
    Association="oracle.summit.model.entities.assoc.SWarehouseManagerIdFkAssoc"
    AssociationEnd="oracle.summit.model.entities.assoc.SWarehouseManagerIdFkAssoc.WarehouseEO"
    AssociationOtherEnd="oracle.summit.model.entities.assoc.SWarehouseManagerIdFkAssoc.EmpEO"
    Type="oracle.jbo.RowIterator"
    IsUpdateable="false"/>
  <Key
    Name="SEmpCommissionPctCk">
    <DesignTime>
      <Attr Name="_DBObjectName" Value="S_EMP_COMMISSION_PCT_CK"/>
      <Attr Name="_checkCondition"
        Value="COMMISSION_PCT IN (10, 12.5, 15, 17.5, 20)"/>
      <Attr Name="_isCheck" Value="true"/>
    </DesignTime>
  </Key>
  <Key
    Name="SEmpIdNn">
    <DesignTime>
      <Attr Name="_DBObjectName" Value="S_EMP_ID_NN"/>
      <Attr Name="_checkCondition" Value="ID IS NOT NULL"/>
      <Attr Name="_isCheck" Value="true"/>
    </DesignTime>
  </Key>
  <Key
    Name="SEmpIdPk"
    PrimaryKey="true">
    <DesignTime>
      <Attr Name="_DBObjectName" Value="S_EMP_ID_PK"/>
    </DesignTime>
    <AttrArray Name="Attributes">
      <Item Value="oracle.summit.model.entities.EmpEO.Id"/>
    </AttrArray>
  </Key>
  <Key
    Name="SEmpLastNameNn">
    <DesignTime>
      <Attr Name="_DBObjectName" Value="S_EMP_LAST_NAME_NN"/>
      <Attr Name="_checkCondition" Value="LAST_NAME IS NOT NULL"/>
      <Attr Name="_isCheck" Value="true"/>
    </DesignTime>
  </Key>
  <Key
    Name="SEmpUseridUk">
    <DesignTime>
      <Attr Name="_isUnique" Value="true"/>
      <Attr Name="_DBObjectName" Value="S_EMP_USERID_UK"/>
    </DesignTime>
    <AttrArray Name="Attributes">
      <Item Value="oracle.summit.model.entities.EmpEO.Userid"/>
    </AttrArray>
  </Key>
  <Key
    Name="SEmpDeptIdFk">
    <DesignTime>
      <Attr Name="_referencedKey" Value="S_DEPT_ID_PK"/>
      <Attr Name="_isForeign" Value="true"/>
      <Attr Name="_DBObjectName" Value="S_EMP_DEPT_ID_FK"/>
    </DesignTime>
    <AttrArray Name="Attributes">
      <Item Value="oracle.summit.model.entities.EmpEO.DeptId"/>
    </AttrArray>
  </Key>
  <Key
    Name="SEmpManagerIdFk">
    <DesignTime>
      <Attr Name="_referencedKey" Value="S_EMP_ID_PK"/>
      <Attr Name="_isForeign" Value="true"/>
      <Attr Name="_DBObjectName" Value="S_EMP_MANAGER_ID_FK"/>
    </DesignTime>
    <AttrArray Name="Attributes">
      <Item Value="oracle.summit.model.entities.EmpEO.ManagerId"/>
    </AttrArray>
  </Key>
  <Key
    Name="SEmpSTitleFk1">
    <DesignTime>
      <Attr Name="_referencedKey" Value="S_TITLE_PK"/>
      <Attr Name="_isForeign" Value="true"/>
      <Attr Name="_DBObjectName" Value="S_EMP_S_TITLE_FK1"/>
    </DesignTime>
    <AttrArray Name="Attributes">
      <Item Value="oracle.summit.model.entities.EmpEO.TitleId"/>
    </AttrArray>
  </Key>
</Entity>
