<?xml version="1.0" encoding="windows-1252" ?>
<!DOCTYPE Entity SYSTEM "jbo_03_01.dtd">
<!---->
<Entity
  xmlns="http://xmlns.oracle.com/bc4j"
  Name="PaymentTypeEO"
  Version="11.1.1.60.13"
  DBObjectType="table"
  DBObjectName="S_PAYMENT_TYPE"
  AliasName="PaymentTypeEO"
  BindingStyle="OracleName"
  UseGlueCode="false"
  RowClass="oracle.summit.base.SummitEntityImpl">
  <DesignTime>
    <Attr Name="_codeGenFlag2" Value="Access"/>
    <AttrArray Name="_publishEvents"/>
  </DesignTime>
  <Attribute
    Name="Id"
    IsNotNull="true"
    Precision="7"
    Scale="0"
    ColumnName="ID"
    SQLType="NUMERIC"
    Type="java.lang.Integer"
    ColumnType="NUMBER"
    TableName="S_PAYMENT_TYPE"
    PrimaryKey="true">
    <DesignTime>
      <Attr Name="_DisplaySize" Value="22"/>
    </DesignTime>
  </Attribute>
  <Attribute
    Name="PaymentType"
    IsUnique="true"
    IsNotNull="true"
    Precision="20"
    ColumnName="PAYMENT_TYPE"
    SQLType="VARCHAR"
    Type="java.lang.String"
    ColumnType="VARCHAR2"
    TableName="S_PAYMENT_TYPE">
    <DesignTime>
      <Attr Name="_DisplaySize" Value="20"/>
    </DesignTime>
  </Attribute>
  <Attribute
    Name="Description"
    Precision="100"
    ColumnName="DESCRIPTION"
    SQLType="VARCHAR"
    Type="java.lang.String"
    ColumnType="VARCHAR2"
    TableName="S_PAYMENT_TYPE">
    <DesignTime>
      <Attr Name="_DisplaySize" Value="100"/>
    </DesignTime>
  </Attribute>
  <AccessorAttribute
    Name="OrdEO"
    Association="oracle.summit.model.entities.assoc.SOrdPaymentTypeIdFkAssoc"
    AssociationEnd="oracle.summit.model.entities.assoc.SOrdPaymentTypeIdFkAssoc.OrdEO"
    AssociationOtherEnd="oracle.summit.model.entities.assoc.SOrdPaymentTypeIdFkAssoc.PaymentTypeEO"
    Type="oracle.jbo.RowIterator"
    IsUpdateable="false"/>
  <Key
    Name="SPaymentTypePk"
    PrimaryKey="true">
    <DesignTime>
      <Attr Name="_DBObjectName" Value="S_PAYMENT_TYPE_PK"/>
    </DesignTime>
  </Key>
  <Key
    Name="SPaymentTypeUk">
    <DesignTime>
      <Attr Name="_isUnique" Value="true"/>
      <Attr Name="_DBObjectName" Value="S_PAYMENT_TYPE_UK"/>
    </DesignTime>
  </Key>
  <Key
    Name="SysC0024042">
    <DesignTime>
      <Attr Name="_DBObjectName" Value="SYS_C0024042"/>
      <Attr Name="_checkCondition" Value='"ID" IS NOT NULL'/>
      <Attr Name="_isCheck" Value="true"/>
    </DesignTime>
  </Key>
  <Key
    Name="SysC0024043">
    <DesignTime>
      <Attr Name="_DBObjectName" Value="SYS_C0024043"/>
      <Attr Name="_checkCondition" Value='"PAYMENT_TYPE" IS NOT NULL'/>
      <Attr Name="_isCheck" Value="true"/>
    </DesignTime>
  </Key>
</Entity>
