<?xml version="1.0" encoding="windows-1252" ?>
<!DOCTYPE Entity SYSTEM "jbo_03_01.dtd">
<!---->
<Entity
  xmlns="http://xmlns.oracle.com/bc4j"
  Name="ProductEO"
  Version="11.1.1.56.60"
  DBObjectType="table"
  DBObjectName="S_PRODUCT"
  AliasName="ProductEO"
  BindingStyle="OracleName"
  UseGlueCode="false"
  RowClass="oracle.summit.model.entities.ProductEOImpl">
  <DesignTime>
    <Attr Name="_codeGenFlag2" Value="Access"/>
    <AttrArray Name="_publishEvents"/>
    <Attr Name="_isCodegen" Value="true"/>
  </DesignTime>
  <Attribute
    Name="Id"
    IsNotNull="true"
    Precision="7"
    Scale="0"
    ColumnName="ID"
    SQLType="NUMERIC"
    Type="oracle.jbo.domain.Number"
    ColumnType="NUMBER"
    TableName="S_PRODUCT"
    PrimaryKey="true">
    <DesignTime>
      <Attr Name="_DisplaySize" Value="22"/>
    </DesignTime>
  </Attribute>
  <Attribute
    Name="Name"
    IsUnique="true"
    IsNotNull="true"
    Precision="50"
    ColumnName="NAME"
    SQLType="VARCHAR"
    Type="java.lang.String"
    ColumnType="VARCHAR2"
    TableName="S_PRODUCT">
    <DesignTime>
      <Attr Name="_DisplaySize" Value="50"/>
    </DesignTime>
  </Attribute>
  <Attribute
    Name="ShortDesc"
    Precision="255"
    ColumnName="SHORT_DESC"
    SQLType="VARCHAR"
    Type="java.lang.String"
    ColumnType="VARCHAR2"
    TableName="S_PRODUCT">
    <DesignTime>
      <Attr Name="_DisplaySize" Value="255"/>
    </DesignTime>
  </Attribute>
  <Attribute
    Name="LongtextId"
    Precision="7"
    Scale="0"
    ColumnName="LONGTEXT_ID"
    SQLType="NUMERIC"
    Type="oracle.jbo.domain.Number"
    ColumnType="NUMBER"
    TableName="S_PRODUCT">
    <DesignTime>
      <Attr Name="_DisplaySize" Value="22"/>
    </DesignTime>
  </Attribute>
  <Attribute
    Name="ImageId"
    Precision="7"
    Scale="0"
    ColumnName="IMAGE_ID"
    SQLType="NUMERIC"
    Type="oracle.jbo.domain.Number"
    ColumnType="NUMBER"
    TableName="S_PRODUCT">
    <DesignTime>
      <Attr Name="_DisplaySize" Value="22"/>
    </DesignTime>
  </Attribute>
  <Attribute
    Name="SuggestedWhlslPrice"
    Precision="11"
    Scale="2"
    ColumnName="SUGGESTED_WHLSL_PRICE"
    SQLType="NUMERIC"
    Type="oracle.jbo.domain.Number"
    ColumnType="NUMBER"
    TableName="S_PRODUCT">
    <DesignTime>
      <Attr Name="_DisplaySize" Value="22"/>
    </DesignTime>
  </Attribute>
  <Attribute
    Name="WhlslUnits"
    Precision="25"
    ColumnName="WHLSL_UNITS"
    SQLType="VARCHAR"
    Type="java.lang.String"
    ColumnType="VARCHAR2"
    TableName="S_PRODUCT">
    <DesignTime>
      <Attr Name="_DisplaySize" Value="25"/>
    </DesignTime>
  </Attribute>
  <AccessorAttribute
    Name="InventoryEO"
    Association="oracle.summit.model.entities.assoc.SInventoryProductIdFkAssoc"
    AssociationEnd="oracle.summit.model.entities.assoc.SInventoryProductIdFkAssoc.InventoryEO"
    AssociationOtherEnd="oracle.summit.model.entities.assoc.SInventoryProductIdFkAssoc.ProductEO"
    Type="oracle.jbo.RowIterator"
    IsUpdateable="false"/>
  <AccessorAttribute
    Name="ItemEO"
    Association="oracle.summit.model.entities.assoc.SItemProductIdFkAssoc"
    AssociationEnd="oracle.summit.model.entities.assoc.SItemProductIdFkAssoc.ItemEO"
    AssociationOtherEnd="oracle.summit.model.entities.assoc.SItemProductIdFkAssoc.ProductEO"
    Type="oracle.jbo.RowIterator"
    IsUpdateable="false"/>
  <AccessorAttribute
    Name="ImageEO"
    Association="oracle.summit.model.entities.assoc.SProductImageIdFkAssoc"
    AssociationEnd="oracle.summit.model.entities.assoc.SProductImageIdFkAssoc.ImageEO"
    AssociationOtherEnd="oracle.summit.model.entities.assoc.SProductImageIdFkAssoc.ProductEO"
    Type="oracle.summit.base.SummitEntityImpl"
    IsUpdateable="true"/>
  <AccessorAttribute
    Name="LongtextEO"
    Association="oracle.summit.model.entities.assoc.SProductLongtextIdFkAssoc"
    AssociationEnd="oracle.summit.model.entities.assoc.SProductLongtextIdFkAssoc.LongtextEO"
    AssociationOtherEnd="oracle.summit.model.entities.assoc.SProductLongtextIdFkAssoc.ProductEO"
    Type="oracle.summit.base.SummitEntityImpl"
    IsUpdateable="true"/>
  <Key
    Name="SProductIdNn">
    <DesignTime>
      <Attr Name="_DBObjectName" Value="S_PRODUCT_ID_NN"/>
      <Attr Name="_checkCondition" Value="ID IS NOT NULL"/>
      <Attr Name="_isCheck" Value="true"/>
    </DesignTime>
    <AttrArray Name="Attributes">
      <Item Value="oracle.summit.model.entities.ProductEO.Id"/>
    </AttrArray>
  </Key>
  <Key
    Name="SProductIdPk"
    PrimaryKey="true">
    <DesignTime>
      <Attr Name="_DBObjectName" Value="S_PRODUCT_ID_PK"/>
    </DesignTime>
    <AttrArray Name="Attributes">
      <Item Value="oracle.summit.model.entities.ProductEO.Id"/>
    </AttrArray>
  </Key>
  <Key
    Name="SProductNameNn">
    <DesignTime>
      <Attr Name="_DBObjectName" Value="S_PRODUCT_NAME_NN"/>
      <Attr Name="_checkCondition" Value="NAME IS NOT NULL"/>
      <Attr Name="_isCheck" Value="true"/>
    </DesignTime>
    <AttrArray Name="Attributes">
      <Item Value="oracle.summit.model.entities.ProductEO.Name"/>
    </AttrArray>
  </Key>
  <Key
    Name="SProductNameUk">
    <DesignTime>
      <Attr Name="_isUnique" Value="true"/>
      <Attr Name="_DBObjectName" Value="S_PRODUCT_NAME_UK"/>
    </DesignTime>
    <AttrArray Name="Attributes">
      <Item Value="oracle.summit.model.entities.ProductEO.Name"/>
    </AttrArray>
  </Key>
  <Key
    Name="SysC001360865">
    <DesignTime>
      <Attr Name="_DBObjectName" Value="SYS_C001360865"/>
      <Attr Name="_checkCondition" Value='"ID" IS NOT NULL'/>
      <Attr Name="_isCheck" Value="true"/>
    </DesignTime>
    <AttrArray Name="Attributes">
      <Item Value="oracle.summit.model.entities.ProductEO.Id"/>
    </AttrArray>
  </Key>
  <Key
    Name="SysC001360866">
    <DesignTime>
      <Attr Name="_DBObjectName" Value="SYS_C001360866"/>
      <Attr Name="_checkCondition" Value='"NAME" IS NOT NULL'/>
      <Attr Name="_isCheck" Value="true"/>
    </DesignTime>
    <AttrArray Name="Attributes">
      <Item Value="oracle.summit.model.entities.ProductEO.Name"/>
    </AttrArray>
  </Key>
  <Key
    Name="SProductImageIdFk">
    <DesignTime>
      <Attr Name="_referencedKey" Value="S_IMAGE_ID_PK"/>
      <Attr Name="_isForeign" Value="true"/>
      <Attr Name="_DBObjectName" Value="S_PRODUCT_IMAGE_ID_FK"/>
    </DesignTime>
    <AttrArray Name="Attributes">
      <Item Value="oracle.summit.model.entities.ProductEO.ImageId"/>
    </AttrArray>
  </Key>
  <Key
    Name="SProductLongtextIdFk">
    <DesignTime>
      <Attr Name="_referencedKey" Value="S_LONGTEXT_ID_PK"/>
      <Attr Name="_isForeign" Value="true"/>
      <Attr Name="_DBObjectName" Value="S_PRODUCT_LONGTEXT_ID_FK"/>
    </DesignTime>
    <AttrArray Name="Attributes">
      <Item Value="oracle.summit.model.entities.ProductEO.LongtextId"/>
    </AttrArray>
  </Key>
</Entity>
