<?xml version="1.0" encoding="windows-1252" ?>
<!DOCTYPE Entity SYSTEM "jbo_03_01.dtd">
<!---->
<Entity
  xmlns="http://xmlns.oracle.com/bc4j"
  Name="RegionEO"
  Version="11.1.1.60.13"
  DBObjectType="table"
  DBObjectName="S_REGION"
  AliasName="RegionEO"
  BindingStyle="OracleName"
  UseGlueCode="false"
  RowClass="oracle.summit.base.SummitEntityImpl">
  <DesignTime>
    <Attr Name="_codeGenFlag2" Value="Access"/>
    <AttrArray Name="_publishEvents"/>
  </DesignTime>
  <Attribute
    Name="Id"
    IsNotNull="true"
    Precision="7"
    Scale="0"
    ColumnName="ID"
    SQLType="NUMERIC"
    Type="oracle.jbo.domain.Number"
    ColumnType="NUMBER"
    TableName="S_REGION"
    PrimaryKey="true">
    <DesignTime>
      <Attr Name="_DisplaySize" Value="22"/>
    </DesignTime>
  </Attribute>
  <Attribute
    Name="Name"
    IsUnique="true"
    IsNotNull="true"
    Precision="50"
    ColumnName="NAME"
    SQLType="VARCHAR"
    Type="java.lang.String"
    ColumnType="VARCHAR2"
    TableName="S_REGION">
    <DesignTime>
      <Attr Name="_DisplaySize" Value="50"/>
    </DesignTime>
  </Attribute>
  <AccessorAttribute
    Name="DeptEO"
    Association="oracle.summit.model.entities.assoc.SDeptRegionIdFkAssoc"
    AssociationEnd="oracle.summit.model.entities.assoc.SDeptRegionIdFkAssoc.DeptEO"
    AssociationOtherEnd="oracle.summit.model.entities.assoc.SDeptRegionIdFkAssoc.RegionEO"
    Type="oracle.jbo.RowIterator"
    IsUpdateable="false"/>
  <Key
    Name="SRegionIdNn">
    <DesignTime>
      <Attr Name="_DBObjectName" Value="S_REGION_ID_NN"/>
      <Attr Name="_checkCondition" Value="ID IS NOT NULL"/>
      <Attr Name="_isCheck" Value="true"/>
    </DesignTime>
    <AttrArray Name="Attributes">
      <Item Value="oracle.summit.model.entities.RegionEO.Id"/>
    </AttrArray>
  </Key>
  <Key
    Name="SRegionIdPk"
    PrimaryKey="true">
    <DesignTime>
      <Attr Name="_DBObjectName" Value="S_REGION_ID_PK"/>
    </DesignTime>
    <AttrArray Name="Attributes">
      <Item Value="oracle.summit.model.entities.RegionEO.Id"/>
    </AttrArray>
  </Key>
  <Key
    Name="SRegionNameNn">
    <DesignTime>
      <Attr Name="_DBObjectName" Value="S_REGION_NAME_NN"/>
      <Attr Name="_checkCondition" Value="NAME IS NOT NULL"/>
      <Attr Name="_isCheck" Value="true"/>
    </DesignTime>
    <AttrArray Name="Attributes">
      <Item Value="oracle.summit.model.entities.RegionEO.Name"/>
    </AttrArray>
  </Key>
  <Key
    Name="SRegionNameUk">
    <DesignTime>
      <Attr Name="_isUnique" Value="true"/>
      <Attr Name="_DBObjectName" Value="S_REGION_NAME_UK"/>
    </DesignTime>
    <AttrArray Name="Attributes">
      <Item Value="oracle.summit.model.entities.RegionEO.Name"/>
    </AttrArray>
  </Key>
  <Key
    Name="SysC0024034">
    <DesignTime>
      <Attr Name="_DBObjectName" Value="SYS_C0024034"/>
      <Attr Name="_checkCondition" Value='"ID" IS NOT NULL'/>
      <Attr Name="_isCheck" Value="true"/>
    </DesignTime>
    <AttrArray Name="Attributes">
      <Item Value="oracle.summit.model.entities.RegionEO.Id"/>
    </AttrArray>
  </Key>
  <Key
    Name="SysC0024035">
    <DesignTime>
      <Attr Name="_DBObjectName" Value="SYS_C0024035"/>
      <Attr Name="_checkCondition" Value='"NAME" IS NOT NULL'/>
      <Attr Name="_isCheck" Value="true"/>
    </DesignTime>
    <AttrArray Name="Attributes">
      <Item Value="oracle.summit.model.entities.RegionEO.Name"/>
    </AttrArray>
  </Key>
</Entity>
