<?xml version="1.0" encoding="windows-1252" ?>
<!DOCTYPE Entity SYSTEM "jbo_03_01.dtd">
<!---->
<Entity
  xmlns="http://xmlns.oracle.com/bc4j"
  Name="TitleEO"
  Version="11.1.1.56.60"
  DBObjectType="table"
  DBObjectName="S_TITLE"
  AliasName="TitleEO"
  BindingStyle="OracleName"
  UseGlueCode="false"
  RowClass="oracle.summit.base.SummitEntityImpl">
  <DesignTime>
    <Attr Name="_codeGenFlag2" Value="Access"/>
    <AttrArray Name="_publishEvents"/>
  </DesignTime>
  <Attribute
    Name="TitleId"
    IsNotNull="true"
    Precision="7"
    Scale="0"
    ColumnName="TITLE_ID"
    SQLType="NUMERIC"
    Type="oracle.jbo.domain.Number"
    ColumnType="NUMBER"
    TableName="S_TITLE"
    PrimaryKey="true">
    <DesignTime>
      <Attr Name="_DisplaySize" Value="22"/>
    </DesignTime>
  </Attribute>
  <Attribute
    Name="Title"
    Precision="20"
    ColumnName="TITLE"
    SQLType="VARCHAR"
    Type="java.lang.String"
    ColumnType="VARCHAR2"
    TableName="S_TITLE">
    <DesignTime>
      <Attr Name="_DisplaySize" Value="20"/>
    </DesignTime>
  </Attribute>
  <AccessorAttribute
    Name="EmpEO"
    Association="oracle.summit.model.entities.assoc.SEmpSTitleFk1Assoc"
    AssociationEnd="oracle.summit.model.entities.assoc.SEmpSTitleFk1Assoc.EmpEO"
    AssociationOtherEnd="oracle.summit.model.entities.assoc.SEmpSTitleFk1Assoc.TitleEO"
    Type="oracle.jbo.RowIterator"
    IsUpdateable="false"/>
  <Key
    Name="STitlePk"
    PrimaryKey="true">
    <DesignTime>
      <Attr Name="_DBObjectName" Value="S_TITLE_PK"/>
    </DesignTime>
    <AttrArray Name="Attributes">
      <Item Value="oracle.summit.model.entities.TitleEO.TitleId"/>
    </AttrArray>
  </Key>
  <Key
    Name="SysC001360860">
    <DesignTime>
      <Attr Name="_DBObjectName" Value="SYS_C001360860"/>
      <Attr Name="_checkCondition" Value='"TITLE_ID" IS NOT NULL'/>
      <Attr Name="_isCheck" Value="true"/>
    </DesignTime>
    <AttrArray Name="Attributes">
      <Item Value="oracle.summit.model.entities.TitleEO.TitleId"/>
    </AttrArray>
  </Key>
</Entity>
