<?xml version="1.0" encoding="windows-1252" ?>
<!DOCTYPE Entity SYSTEM "jbo_03_01.dtd">
<!---->
<Entity
  xmlns="http://xmlns.oracle.com/bc4j"
  Name="WarehouseEO"
  Version="11.1.1.60.13"
  DBObjectType="table"
  DBObjectName="S_WAREHOUSE"
  AliasName="WarehouseEO"
  BindingStyle="OracleName"
  UseGlueCode="false"
  RowClass="oracle.summit.base.SummitEntityImpl">
  <DesignTime>
    <Attr Name="_codeGenFlag2" Value="Access"/>
    <AttrArray Name="_publishEvents"/>
  </DesignTime>
  <Attribute
    Name="Id"
    IsNotNull="true"
    Precision="7"
    Scale="0"
    ColumnName="ID"
    SQLType="NUMERIC"
    Type="oracle.jbo.domain.Number"
    ColumnType="NUMBER"
    TableName="S_WAREHOUSE"
    PrimaryKey="true">
    <DesignTime>
      <Attr Name="_DisplaySize" Value="22"/>
    </DesignTime>
  </Attribute>
  <Attribute
    Name="Address"
    IsQueriable="false"
    ColumnName="ADDRESS"
    SQLType="VARCHAR"
    Type="java.lang.String"
    ColumnType="LONG"
    TableName="S_WAREHOUSE"/>
  <Attribute
    Name="City"
    Precision="30"
    ColumnName="CITY"
    SQLType="VARCHAR"
    Type="java.lang.String"
    ColumnType="VARCHAR2"
    TableName="S_WAREHOUSE">
    <DesignTime>
      <Attr Name="_DisplaySize" Value="30"/>
    </DesignTime>
  </Attribute>
  <Attribute
    Name="State"
    Precision="20"
    ColumnName="STATE"
    SQLType="VARCHAR"
    Type="java.lang.String"
    ColumnType="VARCHAR2"
    TableName="S_WAREHOUSE">
    <DesignTime>
      <Attr Name="_DisplaySize" Value="20"/>
    </DesignTime>
  </Attribute>
  <Attribute
    Name="CountryId"
    Precision="30"
    ColumnName="COUNTRY_ID"
    SQLType="VARCHAR"
    Type="java.lang.String"
    ColumnType="VARCHAR2"
    TableName="S_WAREHOUSE">
    <DesignTime>
      <Attr Name="_DisplaySize" Value="30"/>
    </DesignTime>
  </Attribute>
  <Attribute
    Name="ZipCode"
    Precision="75"
    ColumnName="ZIP_CODE"
    SQLType="VARCHAR"
    Type="java.lang.String"
    ColumnType="VARCHAR2"
    TableName="S_WAREHOUSE">
    <DesignTime>
      <Attr Name="_DisplaySize" Value="75"/>
    </DesignTime>
  </Attribute>
  <Attribute
    Name="Phone"
    Precision="25"
    ColumnName="PHONE"
    SQLType="VARCHAR"
    Type="java.lang.String"
    ColumnType="VARCHAR2"
    TableName="S_WAREHOUSE">
    <DesignTime>
      <Attr Name="_DisplaySize" Value="25"/>
    </DesignTime>
  </Attribute>
  <Attribute
    Name="ManagerId"
    Precision="7"
    Scale="0"
    ColumnName="MANAGER_ID"
    SQLType="NUMERIC"
    Type="oracle.jbo.domain.Number"
    ColumnType="NUMBER"
    TableName="S_WAREHOUSE">
    <DesignTime>
      <Attr Name="_DisplaySize" Value="22"/>
    </DesignTime>
  </Attribute>
  <AccessorAttribute
    Name="InventoryEO"
    Association="oracle.summit.model.entities.assoc.SInventoryWarehouseIdFkAssoc"
    AssociationEnd="oracle.summit.model.entities.assoc.SInventoryWarehouseIdFkAssoc.InventoryEO"
    AssociationOtherEnd="oracle.summit.model.entities.assoc.SInventoryWarehouseIdFkAssoc.WarehouseEO"
    Type="oracle.jbo.RowIterator"
    IsUpdateable="false"/>
  <AccessorAttribute
    Name="EmpEO"
    Association="oracle.summit.model.entities.assoc.SWarehouseManagerIdFkAssoc"
    AssociationEnd="oracle.summit.model.entities.assoc.SWarehouseManagerIdFkAssoc.EmpEO"
    AssociationOtherEnd="oracle.summit.model.entities.assoc.SWarehouseManagerIdFkAssoc.WarehouseEO"
    Type="oracle.summit.base.SummitEntityImpl"
    IsUpdateable="true"/>
  <AccessorAttribute
    Name="CountryEO"
    Association="oracle.summit.model.entities.assoc.SWarehouseCountryIdFkAssoc"
    AssociationEnd="oracle.summit.model.entities.assoc.SWarehouseCountryIdFkAssoc.CountryEO"
    AssociationOtherEnd="oracle.summit.model.entities.assoc.SWarehouseCountryIdFkAssoc.WarehouseEO"
    Type="oracle.summit.base.SummitEntityImpl"
    IsUpdateable="true"/>
  <Key
    Name="SWarehouseIdNn">
    <DesignTime>
      <Attr Name="_DBObjectName" Value="S_WAREHOUSE_ID_NN"/>
      <Attr Name="_checkCondition" Value="ID IS NOT NULL"/>
      <Attr Name="_isCheck" Value="true"/>
    </DesignTime>
    <AttrArray Name="Attributes">
      <Item Value="oracle.summit.model.entities.WarehouseEO.Id"/>
    </AttrArray>
  </Key>
  <Key
    Name="SWarehouseIdPk"
    PrimaryKey="true">
    <DesignTime>
      <Attr Name="_DBObjectName" Value="S_WAREHOUSE_ID_PK"/>
    </DesignTime>
    <AttrArray Name="Attributes">
      <Item Value="oracle.summit.model.entities.WarehouseEO.Id"/>
    </AttrArray>
  </Key>
  <Key
    Name="SysC0024030">
    <DesignTime>
      <Attr Name="_DBObjectName" Value="SYS_C0024030"/>
      <Attr Name="_checkCondition" Value='"ID" IS NOT NULL'/>
      <Attr Name="_isCheck" Value="true"/>
    </DesignTime>
    <AttrArray Name="Attributes">
      <Item Value="oracle.summit.model.entities.WarehouseEO.Id"/>
    </AttrArray>
  </Key>
  <Key
    Name="SWarehouseManagerIdFk">
    <DesignTime>
      <Attr Name="_referencedKey" Value="S_EMP_ID_PK"/>
      <Attr Name="_isForeign" Value="true"/>
      <Attr Name="_DBObjectName" Value="S_WAREHOUSE_MANAGER_ID_FK"/>
    </DesignTime>
    <AttrArray Name="Attributes">
      <Item Value="oracle.summit.model.entities.WarehouseEO.ManagerId"/>
    </AttrArray>
  </Key>
</Entity>
