<?xml version="1.0" encoding="windows-1252" ?>
<!DOCTYPE ViewObject SYSTEM "jbo_03_01.dtd">
<!---->
<ViewObject
  xmlns="http://xmlns.oracle.com/bc4j"
  Name="ProductViewEx"
  Version="12.1.2.62.39"
  Extends="oracle.summit.model.extend.ProductView"
  InheritPersonalization="true"
  Where="UPPER(NAME) LIKE UPPER(:bv_ProductName)||'%'"
  BindingStyle="OracleName"
  CustomQuery="false"
  PageIterMode="Full"
  ComponentClass="oracle.summit.model.extend.ProductViewExImpl"
  RowClass="oracle.summit.model.extend.ProductViewExRowImpl"
  RowInterface="oracle.summit.model.extend.common.ProductViewExRow"
  ClientRowProxyName="oracle.summit.model.extend.client.ProductViewExRowClient"
  ComponentInterface="oracle.summit.model.extend.common.ProductViewEx"
  ClientProxyName="oracle.summit.model.extend.client.ProductViewExClient">
  <DesignTime>
    <Attr Name="_codeGenFlag2" Value="Access|Coll|VarAccess"/>
    <Attr Name="_isCodegen" Value="true"/>
  </DesignTime>
  <Properties>
    <SchemaBasedProperties>
      <LABEL
        ResId="oracle.summit.model.extend.ProductViewEx_LABEL"/>
    </SchemaBasedProperties>
  </Properties>
  <Variable
    Name="bv_ProductName"
    Kind="where"
    Type="java.lang.String"/>
  <ViewAttribute
    Name="SomeExtraAttr"
    IsUpdateable="false"
    IsSelected="false"
    IsPersistent="false"
    PrecisionRule="true"
    Type="java.lang.String"
    ColumnType="VARCHAR2"
    AliasName="VIEW_ATTR"
    SQLType="VARCHAR"/>
  <ResourceBundle>
    <PropertiesBundle
      PropertiesFile="oracle.summit.model.ModelBundle"/>
  </ResourceBundle>
  <ClientRowInterface>
    <Method
      Name="getId"
      MethodName="getId">
      <Return
        Name="_return_type_"
        Type="java.lang.Integer"/>
    </Method>
    <Method
      Name="getImageId"
      MethodName="getImageId">
      <Return
        Name="_return_type_"
        Type="java.lang.Integer"/>
    </Method>
    <Method
      Name="getLongtextId"
      MethodName="getLongtextId">
      <Return
        Name="_return_type_"
        Type="java.lang.Integer"/>
    </Method>
    <Method
      Name="getName"
      MethodName="getName">
      <Return
        Name="_return_type_"
        Type="java.lang.String"/>
    </Method>
    <Method
      Name="getShortDesc"
      MethodName="getShortDesc">
      <Return
        Name="_return_type_"
        Type="java.lang.String"/>
    </Method>
    <Method
      Name="getSomeValue"
      MethodName="getSomeValue">
      <Return
        Name="_return_type_"
        Type="java.lang.String"/>
    </Method>
    <Method
      Name="getSuggestedWhlslPrice"
      MethodName="getSuggestedWhlslPrice">
      <Return
        Name="_return_type_"
        Type="java.math.BigDecimal"/>
    </Method>
    <Method
      Name="getWhlslUnits"
      MethodName="getWhlslUnits">
      <Return
        Name="_return_type_"
        Type="java.lang.String"/>
    </Method>
    <Method
      Name="setId"
      MethodName="setId">
      <Return
        Name="_return_type_"
        Type="void"/>
      <Parameter
        Name="value"
        Type="java.lang.Integer"/>
    </Method>
    <Method
      Name="setImageId"
      MethodName="setImageId">
      <Return
        Name="_return_type_"
        Type="void"/>
      <Parameter
        Name="value"
        Type="java.lang.Integer"/>
    </Method>
    <Method
      Name="setLongtextId"
      MethodName="setLongtextId">
      <Return
        Name="_return_type_"
        Type="void"/>
      <Parameter
        Name="value"
        Type="java.lang.Integer"/>
    </Method>
    <Method
      Name="setName"
      MethodName="setName">
      <Return
        Name="_return_type_"
        Type="void"/>
      <Parameter
        Name="value"
        Type="java.lang.String"/>
    </Method>
    <Method
      Name="setShortDesc"
      MethodName="setShortDesc">
      <Return
        Name="_return_type_"
        Type="void"/>
      <Parameter
        Name="value"
        Type="java.lang.String"/>
    </Method>
    <Method
      Name="setSomeValue"
      MethodName="setSomeValue">
      <Return
        Name="_return_type_"
        Type="void"/>
      <Parameter
        Name="value"
        Type="java.lang.String"/>
    </Method>
    <Method
      Name="setSuggestedWhlslPrice"
      MethodName="setSuggestedWhlslPrice">
      <Return
        Name="_return_type_"
        Type="void"/>
      <Parameter
        Name="value"
        Type="java.math.BigDecimal"/>
    </Method>
    <Method
      Name="setWhlslUnits"
      MethodName="setWhlslUnits">
      <Return
        Name="_return_type_"
        Type="void"/>
      <Parameter
        Name="value"
        Type="java.lang.String"/>
    </Method>
    <Method
      Name="someExtraFeature"
      MethodName="someExtraFeature">
      <Return
        Name="_return_type_"
        Type="void"/>
      <Parameter
        Name="x"
        Type="java.lang.String"/>
    </Method>
  </ClientRowInterface>
  <ClientInterface>
    <Method
      Name="getbv_ProductName"
      MethodName="getbv_ProductName">
      <Return
        Name="_return_type_"
        Type="java.lang.String"/>
    </Method>
    <Method
      Name="setbv_ProductName"
      MethodName="setbv_ProductName">
      <Return
        Name="_return_type_"
        Type="void"/>
      <Parameter
        Name="value"
        Type="java.lang.String"/>
    </Method>
  </ClientInterface>
</ViewObject>
