<?xml version = '1.0' encoding = 'UTF-8'?>
<References xmlns="http://xmlns.oracle.com/adf/jndi">
   <Reference name="{/oracle/summit/model/amservice/common/}ServiceAppModuleService"
              className="oracle.jbo.client.svc.Service" xmlns="">
      <Factory className="oracle.jbo.client.svc.ServiceFactory"/>
      <RefAddresses>
         <StringRefAddr addrType="serviceInterfaceName">
            <Contents>oracle.summit.model.amservice.common.serviceinterface.ServiceAppModuleService</Contents>
         </StringRefAddr>
         <StringRefAddr addrType="serviceEndpointProvider">
            <Contents>ADFBC</Contents>
         </StringRefAddr>
         <StringRefAddr addrType="jndiName">
            <Contents>ServiceAppModuleServiceBean#oracle.summit.model.amservice.common.serviceinterface.ServiceAppModuleService</Contents>
         </StringRefAddr>
         <StringRefAddr addrType="serviceSchemaName">
            <Contents>ServiceAppModuleService.xsd</Contents>
         </StringRefAddr>
         <StringRefAddr addrType="serviceSchemaLocation">
            <Contents>oracle/summit/model/amservice/common/serviceinterface/</Contents>
         </StringRefAddr>
      </RefAddresses>
   </Reference>
   <Reference name="{/oracle/summit/model/adfbcwebservice/common/}AppModuleService"
              className="oracle.jbo.client.svc.Service" xmlns="">
      <Factory className="oracle.jbo.client.svc.ServiceFactory"/>
      <RefAddresses>
         <StringRefAddr addrType="serviceInterfaceName">
            <Contents>oracle.summit.model.adfbcwebservice.common.serviceinterface.AppModuleService</Contents>
         </StringRefAddr>
         <StringRefAddr addrType="serviceEndpointProvider">
            <Contents>ADFBC</Contents>
         </StringRefAddr>
         <StringRefAddr addrType="jndiName">
            <Contents>AppModuleServiceBean#oracle.summit.model.adfbcwebservice.common.serviceinterface.AppModuleService</Contents>
         </StringRefAddr>
         <StringRefAddr addrType="serviceSchemaName">
            <Contents>AppModuleService.xsd</Contents>
         </StringRefAddr>
         <StringRefAddr addrType="serviceSchemaLocation">
            <Contents>oracle/summit/model/adfbcwebservice/common/serviceinterface/</Contents>
         </StringRefAddr>
      </RefAddresses>
   </Reference>
   <Reference name="{http://xmlns.oracle.com/apps/hr/service/}AppModuleService"
              className="oracle.jbo.client.svc.Service" xmlns="">
      <Factory className="oracle.jbo.client.svc.ServiceFactory"/>
      <RefAddresses>
         <StringRefAddr addrType="serviceInterfaceName">
            <Contents>oracle.summit.model.polymorphicvo.service.common.serviceinterface.AppModuleService</Contents>
         </StringRefAddr>
         <StringRefAddr addrType="serviceEndpointProvider">
            <Contents>ADFBC</Contents>
         </StringRefAddr>
         <StringRefAddr addrType="jndiName">
            <Contents>AppModuleServiceBean#oracle.summit.model.polymorphicvo.service.common.serviceinterface.AppModuleService</Contents>
         </StringRefAddr>
         <StringRefAddr addrType="serviceSchemaName">
            <Contents>AppModuleService.xsd</Contents>
         </StringRefAddr>
         <StringRefAddr addrType="serviceSchemaLocation">
            <Contents>oracle/summit/model/polymorphicvo/service/common/serviceinterface/</Contents>
         </StringRefAddr>
      </RefAddresses>
   </Reference>
   <Reference name="{/oracle/summit/model/sdo/service/common/}HRAppModuleService"
              className="oracle.jbo.client.svc.Service" xmlns="">
      <Factory className="oracle.jbo.client.svc.ServiceFactory"/>
      <RefAddresses>
         <StringRefAddr addrType="serviceInterfaceName">
            <Contents>oracle.summit.model.sdo.service.common.serviceinterface.HRAppModuleService</Contents>
         </StringRefAddr>
         <StringRefAddr addrType="serviceEndpointProvider">
            <Contents>ADFBC</Contents>
         </StringRefAddr>
         <StringRefAddr addrType="jndiName">
            <Contents>HRAppModuleServiceBean#oracle.summit.model.sdo.service.common.serviceinterface.HRAppModuleService</Contents>
         </StringRefAddr>
         <StringRefAddr addrType="serviceSchemaName">
            <Contents>HRAppModuleService.xsd</Contents>
         </StringRefAddr>
         <StringRefAddr addrType="serviceSchemaLocation">
            <Contents>oracle/summit/model/sdo/service/common/serviceinterface/</Contents>
         </StringRefAddr>
      </RefAddresses>
   </Reference>
   <Reference name="{/oracle/summit/model/rowfinder/common/}EmpServiceService" className="oracle.jbo.client.svc.Service"
              xmlns="">
      <Factory className="oracle.jbo.client.svc.ServiceFactory"/>
      <RefAddresses>
         <StringRefAddr addrType="serviceInterfaceName">
            <Contents>oracle.summit.model.rowfinder.common.serviceinterface.EmpServiceService</Contents>
         </StringRefAddr>
         <StringRefAddr addrType="serviceEndpointProvider">
            <Contents>ADFBC</Contents>
         </StringRefAddr>
         <StringRefAddr addrType="jndiName">
            <Contents>EmpServiceServiceBean#oracle.summit.model.rowfinder.common.serviceinterface.EmpServiceService</Contents>
         </StringRefAddr>
         <StringRefAddr addrType="serviceSchemaName">
            <Contents>EmpServiceService.xsd</Contents>
         </StringRefAddr>
         <StringRefAddr addrType="serviceSchemaLocation">
            <Contents>oracle/summit/model/rowfinder/common/serviceinterface/</Contents>
         </StringRefAddr>
      </RefAddresses>
   </Reference>
   <Reference name="summit_adf" className="oracle.jdeveloper.db.adapter.DatabaseProvider"
              credentialStoreKey="summit_adf" xmlns="">
      <Factory className="oracle.jdevimpl.db.adapter.DatabaseProviderFactory1212"/>
      <RefAddresses>
         <StringRefAddr addrType="DeployPassword">
            <Contents>true</Contents>
         </StringRefAddr>
         <StringRefAddr addrType="oraDriverType">
            <Contents>thin</Contents>
         </StringRefAddr>
         <StringRefAddr addrType="hostname">
            <Contents>localhost</Contents>
         </StringRefAddr>
         <SecureRefAddr addrType="password"/>
         <StringRefAddr addrType="subtype">
            <Contents>oraJDBC</Contents>
         </StringRefAddr>
         <StringRefAddr addrType="port">
            <Contents>1521</Contents>
         </StringRefAddr>
         <StringRefAddr addrType="user">
            <Contents>c##summit_adf</Contents>
         </StringRefAddr>
         <StringRefAddr addrType="sid">
            <Contents>XE</Contents>
         </StringRefAddr>
      </RefAddresses>
   </Reference>
</References>