<?xml version="1.0" encoding="windows-1252" ?>
<!DOCTYPE AppModule SYSTEM "jbo_03_01.dtd">
<!---->
<AppModule
  xmlns="http://xmlns.oracle.com/bc4j"
  Name="ServiceAppModule"
  Version="12.2.1.20.31"
  InheritPersonalization="merge"
  ComponentClass="oracle.summit.model.amservice.ServiceAppModuleImpl"
  ClearCacheOnRollback="true">
  <DesignTime>
    <Attr Name="_deployType" Value="4096"/>
    <Attr Name="_isCodegen" Value="true"/>
  </DesignTime>
  <ViewUsage
    Name="CustomersView"
    ViewObjectName="oracle.summit.model.amservice.CustomersView"/>
  <ViewUsage
    Name="OrdersView"
    ViewObjectName="oracle.summit.model.amservice.OrdersView"/>
  <ViewUsage
    Name="CustOrdersView"
    ViewObjectName="oracle.summit.model.amservice.OrdersView"/>
  <ViewLinkUsage
    Name="SOrdCustomerIdFkLink1"
    ViewLinkObjectName="oracle.summit.model.amservice.SOrdCustomerIdFkLink"
    SrcViewUsageName="oracle.summit.model.amservice.ServiceAppModule.CustomersView"
    DstViewUsageName="oracle.summit.model.amservice.ServiceAppModule.CustOrdersView"
    Reversed="false"/>
  <Remote
    Name="ServiceInterface"
    ServerClassName="oracle.summit.model.amservice.server.serviceinterface.ServiceAppModuleServiceImpl"
    ServerInterfaceName="oracle.summit.model.amservice.common.serviceinterface.ServiceAppModuleService">
    <DesignTime>
      <Attr Name="_genCtrlHintsOp" Value="true"/>
      <Attr Name="_webServiceName" Value="ServiceAppModuleService"/>
      <Attr Name="_targetNameSpace" Value="/oracle/summit/model/amservice/common/"/>
    </DesignTime>
  </Remote>
  <ServiceViewUsage
    ViewUsageName="CustomersView"
    CanCreate="true"
    CanUpdate="true"
    CanDelete="true"
    CanMerge="true">
    <DesignTime>
      <Attr Name="_DeleteOpName" Value="deleteCustomersView"/>
      <Attr Name="_MergeOpName" Value="mergeCustomersView"/>
      <Attr Name="_UpdateOpName" Value="updateCustomersView"/>
      <Attr Name="_CreateOpName" Value="createCustomersView"/>
    </DesignTime>
  </ServiceViewUsage>
  <ServiceViewUsage
    ViewUsageName="OrdersView"
    CanCreate="true"
    CanUpdate="true"
    CanDelete="true"
    CanMerge="true">
    <DesignTime>
      <Attr Name="_DeleteOpName" Value="deleteOrdersView"/>
      <Attr Name="_MergeOpName" Value="mergeOrdersView"/>
      <Attr Name="_UpdateOpName" Value="updateOrdersView"/>
      <Attr Name="_CreateOpName" Value="createOrdersView"/>
      <AttrArray Name="_VCFindOps">
        <Item Value="OrdersViewCriteria"/>
      </AttrArray>
      <AttrArray Name="__OrdersViewCriteria">
        <Item Value="findOrdersViewOrdersViewCriteria"/>
        <Item Value="OrdId"/>
      </AttrArray>
    </DesignTime>
  </ServiceViewUsage>
</AppModule>
