<?xml version="1.0" encoding="windows-1252" ?>
<!DOCTYPE Association SYSTEM "jbo_03_01.dtd">
<!---->
<Association
  xmlns="http://xmlns.oracle.com/bc4j"
  Name="SOrdCustomerIdFkAssoc"
  Version="12.1.2.64.42"
  InheritPersonalization="merge">
  <DesignTime>
    <Attr Name="_isCodegen" Value="true"/>
  </DesignTime>
  <AssociationEnd
    Name="Customers"
    Cardinality="1"
    Source="true"
    Owner="oracle.summit.model.amservice.Customers">
    <DesignTime>
      <Attr Name="_aggregation" Value="0"/>
      <Attr Name="_finderName" Value="Customers"/>
      <Attr Name="_foreignKey" Value="oracle.summit.model.amservice.Customers.SCustomerIdPk"/>
      <Attr Name="_isUpdateable" Value="true"/>
      <Attr Name="_minCardinality" Value="1"/>
    </DesignTime>
    <AttrArray Name="Attributes">
      <Item Value="oracle.summit.model.amservice.Customers.Id"/>
    </AttrArray>
  </AssociationEnd>
  <AssociationEnd
    Name="Orders"
    Cardinality="-1"
    Owner="oracle.summit.model.amservice.Orders">
    <DesignTime>
      <Attr Name="_aggregation" Value="0"/>
      <Attr Name="_finderName" Value="Orders"/>
      <Attr Name="_foreignKey" Value="oracle.summit.model.amservice.Orders.SOrdCustomerIdFk"/>
      <Attr Name="_isUpdateable" Value="true"/>
    </DesignTime>
    <AttrArray Name="Attributes">
      <Item Value="oracle.summit.model.amservice.Orders.CustomerId"/>
    </AttrArray>
  </AssociationEnd>
</Association>
