<?xml version="1.0" encoding="windows-1252" ?>
<!DOCTYPE AppModule SYSTEM "jbo_03_01.dtd">
<!---->
<AppModule
  xmlns="http://xmlns.oracle.com/bc4j"
  Name="SummitAppModule"
  Version="12.2.1.22.31"
  ClearCacheOnRollback="true"
  ComponentClass="oracle.summitdi.model.services.SummitAppModuleImpl"
  ComponentInterface="oracle.summitdi.model.services.common.SummitAppModule">
  <DesignTime>
    <Attr Name="_isCodegen" Value="true"/>
  </DesignTime>
  <Properties>
    <SchemaBasedProperties>
      <LABEL
        ResId="oracle.summitdi.model.services.SummitAppModule_LABEL"/>
    </SchemaBasedProperties>
  </Properties>
  <ViewUsage
    Name="Customers"
    ViewObjectName="oracle.summitdi.model.queries.CustomersView"/>
  <ViewUsage
    Name="InventoryWarehouseView"
    ViewObjectName="oracle.summitdi.model.queries.InventoryWarehouseView"/>
  <ViewUsage
    Name="AllWarehouses"
    ViewObjectName="oracle.summitdi.model.queries.WarehouseView"/>
  <ViewUsage
    Name="WarehouseMaster"
    ViewObjectName="oracle.summitdi.model.queries.WarehouseView"/>
  <ViewUsage
    Name="InventoryDetail"
    ViewObjectName="oracle.summitdi.model.queries.InventoryView"/>
  <ViewUsage
    Name="CustomersSearchView"
    ViewObjectName="oracle.summitdi.model.queries.readonly.CustomersSearchView"/>
  <ViewLinkUsage
    Name="InventoryWarehouseLink"
    ViewLinkObjectName="oracle.summitdi.model.queries.links.InventoryWarehouseLink"
    SrcViewUsageName="oracle.summitdi.model.services.SummitAppModule.WarehouseMaster"
    DstViewUsageName="oracle.summitdi.model.services.SummitAppModule.InventoryDetail"
    Reversed="false"/>
  <ClientInterface
    Name="__clientInterface">
    <Method
      Name="FilterWarehouseMasterById"
      MethodName="FilterWarehouseMasterById">
      <Return
        Name="_return_type_"
        Type="void"/>
      <Parameter
        Name="warehouseId"
        Type="java.lang.String"/>
    </Method>
  </ClientInterface>
  <ResourceBundle>
    <PropertiesBundle
      PropertiesFile="oracle.summitdi.model.resources.ModelBundle"/>
  </ResourceBundle>
</AppModule>
