<?xml version="1.0" encoding="windows-1252" ?>
<adfc-config xmlns="http://xmlns.oracle.com/adf/controller" version="1.2">
  <view id="main">
    <page>/main.jspx</page>
  </view>
  <managed-bean id="__3">
    <managed-bean-name id="__1">mainBean</managed-bean-name>
    <managed-bean-class id="__2">com.redsamurai.view.beans.Main</managed-bean-class>
    <managed-bean-scope id="__4">backingBean</managed-bean-scope>
  </managed-bean>
  <managed-bean id="__5">
    <managed-bean-name>untitledBean</managed-bean-name>
    <managed-bean-class>com.redsamurai.view.untitledBean</managed-bean-class>
    <managed-bean-scope>pageFlow</managed-bean-scope>
  </managed-bean>
</adfc-config>
