<?xml version="1.0" encoding="windows-1252" ?>
<!DOCTYPE Entity SYSTEM "jbo_03_01.dtd">
<!---->
<Entity
  xmlns="http://xmlns.oracle.com/bc4j"
  Name="Countries"
  Version="12.2.1.18.31"
  InheritPersonalization="true"
  DBObjectType="table"
  DBObjectName="S_COUNTRIES"
  AliasName="Countries"
  BindingStyle="OracleName">
  <Attribute
    Name="Id"
    IsNotNull="true"
    Precision="7"
    Scale="0"
    ColumnName="ID"
    SQLType="NUMERIC"
    Type="java.lang.Integer"
    ColumnType="NUMBER"
    TableName="S_COUNTRIES"
    PrimaryKey="true"/>
  <Attribute
    Name="Country"
    IsUnique="true"
    Precision="50"
    ColumnName="COUNTRY"
    SQLType="VARCHAR"
    Type="java.lang.String"
    ColumnType="VARCHAR2"
    TableName="S_COUNTRIES">
    <DesignTime>
      <Attr Name="_DisplaySize" Value="50"/>
    </DesignTime>
  </Attribute>
  <Attribute
    Name="RegionId"
    Precision="7"
    Scale="0"
    ColumnName="REGION_ID"
    SQLType="NUMERIC"
    Type="java.lang.Integer"
    ColumnType="NUMBER"
    TableName="S_COUNTRIES">
    <Properties>
      <SchemaBasedProperties>
        <LABEL
          ResId="oracle.summitdi.model.entities.Countries.RegionId_LABEL"/>
      </SchemaBasedProperties>
    </Properties>
  </Attribute>
  <AccessorAttribute
    Name="Customers"
    Association="oracle.summitdi.model.entities.associations.CustomerCountriesAssoc"
    AssociationEnd="oracle.summitdi.model.entities.associations.CustomerCountriesAssoc.Customers"
    AssociationOtherEnd="oracle.summitdi.model.entities.associations.CustomerCountriesAssoc.Countries"
    Type="oracle.jbo.RowIterator"
    IsUpdateable="false"/>
  <AccessorAttribute
    Name="Warehouse"
    Association="oracle.summitdi.model.entities.associations.WarehouseCountries"
    AssociationEnd="oracle.summitdi.model.entities.associations.WarehouseCountries.Warehouse"
    AssociationOtherEnd="oracle.summitdi.model.entities.associations.WarehouseCountries.Countries"
    Type="oracle.jbo.RowIterator"
    IsUpdateable="false"/>
  <AccessorAttribute
    Name="Regions"
    Association="oracle.summitdi.model.entities.associations.CountriesFkAssoc"
    AssociationEnd="oracle.summitdi.model.entities.associations.CountriesFkAssoc.Regions"
    AssociationOtherEnd="oracle.summitdi.model.entities.associations.CountriesFkAssoc.Countries"
    Type="oracle.jbo.server.EntityImpl"
    IsUpdateable="true"/>
  <Key
    Name="SCountriesPk"
    PrimaryKey="true">
    <DesignTime>
      <Attr Name="_DBObjectName" Value="S_COUNTRIES_PK"/>
    </DesignTime>
    <AttrArray Name="Attributes">
      <Item Value="oracle.summitdi.model.entities.Countries.Id"/>
    </AttrArray>
  </Key>
  <Key
    Name="SCountriesUk">
    <DesignTime>
      <Attr Name="_isUnique" Value="true"/>
      <Attr Name="_DBObjectName" Value="S_COUNTRIES_UK"/>
    </DesignTime>
    <AttrArray Name="Attributes">
      <Item Value="oracle.summitdi.model.entities.Countries.Country"/>
    </AttrArray>
  </Key>
  <Key
    Name="SCountriesFk">
    <DesignTime>
      <Attr Name="_referencedKey" Value="S_REGION_ID_PK"/>
      <Attr Name="_isForeign" Value="true"/>
      <Attr Name="_DBObjectName" Value="S_COUNTRIES_FK"/>
    </DesignTime>
    <AttrArray Name="Attributes">
      <Item Value="oracle.summitdi.model.entities.Countries.RegionId"/>
    </AttrArray>
  </Key>
  <ResourceBundle>
    <PropertiesBundle
      PropertiesFile="oracle.summitdi.model.resources.ModelBundle"/>
  </ResourceBundle>
</Entity>
