<?xml version="1.0" encoding="windows-1252" ?>
<!DOCTYPE Entity SYSTEM "jbo_03_01.dtd">
<!---->
<Entity
  xmlns="http://xmlns.oracle.com/bc4j"
  Name="Customers"
  Version="12.2.1.18.31"
  InheritPersonalization="true"
  DBObjectType="table"
  DBObjectName="S_CUSTOMER"
  AliasName="Customers"
  BindingStyle="OracleName"
  xmlns:validation="http://xmlns.oracle.com/adfm/validation">
  <Attribute
    Name="Id"
    IsNotNull="true"
    Precision="7"
    Scale="0"
    ColumnName="ID"
    SQLType="NUMERIC"
    Type="java.lang.Integer"
    ColumnType="NUMBER"
    TableName="S_CUSTOMER"
    PrimaryKey="true"
    IsUpdateable="while_insert">
    <TransientExpression
      Name="ExpressionScript"><![CDATA[(new oracle.jbo.server.SequenceImpl("S_CUSTOMER_ID",adf.object.getDBTransaction())).getSequenceNumber()]]></TransientExpression>
    <RecalcCondition
      Name="RecalcExpressionScript"><![CDATA[true]]></RecalcCondition>
    <Properties>
      <SchemaBasedProperties>
        <LABEL
          ResId="oracle.summitdi.model.entities.Customers.Id_LABEL"/>
      </SchemaBasedProperties>
    </Properties>
  </Attribute>
  <Attribute
    Name="Name"
    IsNotNull="true"
    Precision="50"
    ColumnName="NAME"
    SQLType="VARCHAR"
    Type="java.lang.String"
    ColumnType="VARCHAR2"
    TableName="S_CUSTOMER">
    <DesignTime>
      <Attr Name="_DisplaySize" Value="50"/>
    </DesignTime>
  </Attribute>
  <Attribute
    Name="Phone"
    Precision="25"
    ColumnName="PHONE"
    SQLType="VARCHAR"
    Type="java.lang.String"
    ColumnType="VARCHAR2"
    TableName="S_CUSTOMER">
    <DesignTime>
      <Attr Name="_DisplaySize" Value="25"/>
    </DesignTime>
  </Attribute>
  <Attribute
    Name="Address"
    Precision="400"
    ColumnName="ADDRESS"
    SQLType="VARCHAR"
    Type="java.lang.String"
    ColumnType="VARCHAR2"
    TableName="S_CUSTOMER">
    <DesignTime>
      <Attr Name="_DisplaySize" Value="400"/>
    </DesignTime>
  </Attribute>
  <Attribute
    Name="City"
    Precision="30"
    ColumnName="CITY"
    SQLType="VARCHAR"
    Type="java.lang.String"
    ColumnType="VARCHAR2"
    TableName="S_CUSTOMER">
    <DesignTime>
      <Attr Name="_DisplaySize" Value="30"/>
    </DesignTime>
  </Attribute>
  <Attribute
    Name="State"
    Precision="20"
    ColumnName="STATE"
    SQLType="VARCHAR"
    Type="java.lang.String"
    ColumnType="VARCHAR2"
    TableName="S_CUSTOMER">
    <DesignTime>
      <Attr Name="_DisplaySize" Value="20"/>
    </DesignTime>
    <Properties>
      <SchemaBasedProperties>
        <DISPLAYWIDTH
          Value="3"/>
      </SchemaBasedProperties>
    </Properties>
  </Attribute>
  <Attribute
    Name="CountryId"
    Precision="7"
    Scale="0"
    ColumnName="COUNTRY_ID"
    SQLType="NUMERIC"
    Type="java.lang.Integer"
    ColumnType="NUMBER"
    TableName="S_CUSTOMER">
    <Properties>
      <SchemaBasedProperties>
        <LABEL
          ResId="oracle.summitdi.model.entities.Customers.CountryId_LABEL"/>
      </SchemaBasedProperties>
    </Properties>
  </Attribute>
  <Attribute
    Name="ZipCode"
    Precision="75"
    ColumnName="ZIP_CODE"
    SQLType="VARCHAR"
    Type="java.lang.String"
    ColumnType="VARCHAR2"
    TableName="S_CUSTOMER">
    <DesignTime>
      <Attr Name="_DisplaySize" Value="75"/>
    </DesignTime>
    <Properties>
      <SchemaBasedProperties>
        <LABEL
          ResId="oracle.summitdi.model.entities.Customers.ZipCode_LABEL"/>
      </SchemaBasedProperties>
    </Properties>
    <validation:RegExpValidationBean
      Name="ZipCodePatternRuleUS"
      Description='For demonstration purposes only: US zip codes (5 digits: nnnnn) or the "zip+4" format: nnnnn-nnnn'
      OnAttribute="ZipCode"
      Pattern="^\d{5}(-\d{4})?$"
      Inverse="false"
      ResId="oracle.summitdi.model.general.validation.zipcode"/>
  </Attribute>
  <Attribute
    Name="CreditRatingId"
    Precision="7"
    Scale="0"
    ColumnName="CREDIT_RATING_ID"
    SQLType="NUMERIC"
    Type="java.lang.Integer"
    ColumnType="NUMBER"
    TableName="S_CUSTOMER">
    <Properties>
      <SchemaBasedProperties>
        <LABEL
          ResId="oracle.summitdi.model.entities.Customers.CreditRatingId_LABEL"/>
      </SchemaBasedProperties>
    </Properties>
  </Attribute>
  <Attribute
    Name="SalesRepId"
    Precision="7"
    Scale="0"
    ColumnName="SALES_REP_ID"
    SQLType="NUMERIC"
    Type="java.lang.Integer"
    ColumnType="NUMBER"
    TableName="S_CUSTOMER">
    <Properties>
      <SchemaBasedProperties>
        <LABEL
          ResId="oracle.summitdi.model.entities.Customers.SalesRepId_LABEL"/>
      </SchemaBasedProperties>
    </Properties>
  </Attribute>
  <Attribute
    Name="Comments"
    Precision="255"
    ColumnName="COMMENTS"
    SQLType="VARCHAR"
    Type="java.lang.String"
    ColumnType="VARCHAR2"
    TableName="S_CUSTOMER">
    <DesignTime>
      <Attr Name="_DisplaySize" Value="255"/>
    </DesignTime>
    <Properties>
      <SchemaBasedProperties>
        <DISPLAYWIDTH
          Value="30"/>
      </SchemaBasedProperties>
    </Properties>
  </Attribute>
  <AccessorAttribute
    Name="Countries"
    Association="oracle.summitdi.model.entities.associations.CustomerCountriesAssoc"
    AssociationEnd="oracle.summitdi.model.entities.associations.CustomerCountriesAssoc.Countries"
    AssociationOtherEnd="oracle.summitdi.model.entities.associations.CustomerCountriesAssoc.Customers"
    Type="oracle.jbo.server.EntityImpl"
    IsUpdateable="true"/>
  <AccessorAttribute
    Name="Employees"
    Association="oracle.summitdi.model.entities.associations.SalesRepIdFkAssoc"
    AssociationEnd="oracle.summitdi.model.entities.associations.SalesRepIdFkAssoc.Employees"
    AssociationOtherEnd="oracle.summitdi.model.entities.associations.SalesRepIdFkAssoc.Customers"
    Type="oracle.jbo.server.EntityImpl"
    IsUpdateable="true"/>
  <AccessorAttribute
    Name="CreditRating"
    Association="oracle.summitdi.model.entities.associations.CustomerCreditRatingAssoc"
    AssociationEnd="oracle.summitdi.model.entities.associations.CustomerCreditRatingAssoc.CreditRating"
    AssociationOtherEnd="oracle.summitdi.model.entities.associations.CustomerCreditRatingAssoc.Customers"
    Type="oracle.jbo.server.EntityImpl"
    IsUpdateable="true"/>
  <Key
    Name="SCustomerIdPk"
    PrimaryKey="true">
    <DesignTime>
      <Attr Name="_DBObjectName" Value="S_CUSTOMER_ID_PK"/>
    </DesignTime>
    <AttrArray Name="Attributes">
      <Item Value="oracle.summitdi.model.entities.Customers.Id"/>
    </AttrArray>
  </Key>
  <Key
    Name="SCustomerCreditRatingFk">
    <DesignTime>
      <Attr Name="_referencedKey" Value="S_CREDIT_RATING_PK"/>
      <Attr Name="_isForeign" Value="true"/>
      <Attr Name="_DBObjectName" Value="S_CUSTOMER_CREDIT_RATING_FK"/>
    </DesignTime>
    <AttrArray Name="Attributes">
      <Item Value="oracle.summitdi.model.entities.Customers.CreditRatingId"/>
    </AttrArray>
  </Key>
  <Key
    Name="SSalesRepIdFk">
    <DesignTime>
      <Attr Name="_referencedKey" Value="S_EMP_ID_PK"/>
      <Attr Name="_isForeign" Value="true"/>
      <Attr Name="_DBObjectName" Value="S_SALES_REP_ID_FK"/>
    </DesignTime>
    <AttrArray Name="Attributes">
      <Item Value="oracle.summitdi.model.entities.Customers.SalesRepId"/>
    </AttrArray>
  </Key>
  <ResourceBundle>
    <PropertiesBundle
      PropertiesFile="oracle.summitdi.model.resources.ModelBundle"/>
  </ResourceBundle>
</Entity>
