<?xml version="1.0" encoding="windows-1252" ?>
<!DOCTYPE Entity SYSTEM "jbo_03_01.dtd">
<!---->
<Entity
  xmlns="http://xmlns.oracle.com/bc4j"
  Name="Employees"
  Version="12.2.1.18.31"
  InheritPersonalization="merge"
  DBObjectType="table"
  DBObjectName="S_EMP"
  AliasName="Employees"
  BindingStyle="OracleName">
  <Attribute
    Name="Id"
    IsNotNull="true"
    Precision="7"
    Scale="0"
    ColumnName="ID"
    SQLType="NUMERIC"
    Type="java.lang.Integer"
    ColumnType="NUMBER"
    TableName="S_EMP"
    PrimaryKey="true"/>
  <Attribute
    Name="LastName"
    IsNotNull="true"
    Precision="25"
    ColumnName="LAST_NAME"
    SQLType="VARCHAR"
    Type="java.lang.String"
    ColumnType="VARCHAR2"
    TableName="S_EMP">
    <DesignTime>
      <Attr Name="_DisplaySize" Value="25"/>
    </DesignTime>
  </Attribute>
  <Attribute
    Name="FirstName"
    Precision="25"
    ColumnName="FIRST_NAME"
    SQLType="VARCHAR"
    Type="java.lang.String"
    ColumnType="VARCHAR2"
    TableName="S_EMP">
    <DesignTime>
      <Attr Name="_DisplaySize" Value="25"/>
    </DesignTime>
  </Attribute>
  <Attribute
    Name="Userid"
    IsUnique="true"
    Precision="8"
    ColumnName="USERID"
    SQLType="VARCHAR"
    Type="java.lang.String"
    ColumnType="VARCHAR2"
    TableName="S_EMP">
    <DesignTime>
      <Attr Name="_DisplaySize" Value="8"/>
    </DesignTime>
  </Attribute>
  <Attribute
    Name="Email"
    Precision="100"
    ColumnName="EMAIL"
    SQLType="VARCHAR"
    Type="java.lang.String"
    ColumnType="VARCHAR2"
    TableName="S_EMP">
    <DesignTime>
      <Attr Name="_DisplaySize" Value="100"/>
    </DesignTime>
  </Attribute>
  <Attribute
    Name="StartDate"
    ColumnName="START_DATE"
    SQLType="DATE"
    Type="java.sql.Timestamp"
    ColumnType="DATE"
    TableName="S_EMP"/>
  <Attribute
    Name="Comments"
    Precision="255"
    ColumnName="COMMENTS"
    SQLType="VARCHAR"
    Type="java.lang.String"
    ColumnType="VARCHAR2"
    TableName="S_EMP">
    <DesignTime>
      <Attr Name="_DisplaySize" Value="255"/>
    </DesignTime>
  </Attribute>
  <Attribute
    Name="ManagerId"
    Precision="7"
    Scale="0"
    ColumnName="MANAGER_ID"
    SQLType="NUMERIC"
    Type="java.lang.Integer"
    ColumnType="NUMBER"
    TableName="S_EMP"/>
  <Attribute
    Name="TitleId"
    ColumnName="TITLE_ID"
    SQLType="NUMERIC"
    Type="java.math.BigDecimal"
    ColumnType="NUMBER"
    TableName="S_EMP"/>
  <Attribute
    Name="DeptId"
    Precision="7"
    Scale="0"
    ColumnName="DEPT_ID"
    SQLType="NUMERIC"
    Type="java.lang.Integer"
    ColumnType="NUMBER"
    TableName="S_EMP"/>
  <Attribute
    Name="Salary"
    Precision="11"
    Scale="2"
    ColumnName="SALARY"
    SQLType="NUMERIC"
    Type="java.math.BigDecimal"
    ColumnType="NUMBER"
    TableName="S_EMP"/>
  <Attribute
    Name="CommissionPct"
    Precision="4"
    Scale="2"
    ColumnName="COMMISSION_PCT"
    SQLType="NUMERIC"
    Type="java.math.BigDecimal"
    ColumnType="NUMBER"
    TableName="S_EMP"/>
  <AccessorAttribute
    Name="Customers"
    Association="oracle.summitdi.model.entities.associations.SalesRepIdFkAssoc"
    AssociationEnd="oracle.summitdi.model.entities.associations.SalesRepIdFkAssoc.Customers"
    AssociationOtherEnd="oracle.summitdi.model.entities.associations.SalesRepIdFkAssoc.Employees"
    Type="oracle.jbo.RowIterator"
    IsUpdateable="false"/>
  <AccessorAttribute
    Name="Employees"
    Association="oracle.summitdi.model.entities.associations.EmpManagerIdFkAssoc"
    AssociationEnd="oracle.summitdi.model.entities.associations.EmpManagerIdFkAssoc.Employees"
    AssociationOtherEnd="oracle.summitdi.model.entities.associations.EmpManagerIdFkAssoc.ManagerIdEmployees"
    Type="oracle.jbo.RowIterator"
    IsUpdateable="false"/>
  <AccessorAttribute
    Name="ManagerIdEmployees"
    Association="oracle.summitdi.model.entities.associations.EmpManagerIdFkAssoc"
    AssociationEnd="oracle.summitdi.model.entities.associations.EmpManagerIdFkAssoc.ManagerIdEmployees"
    AssociationOtherEnd="oracle.summitdi.model.entities.associations.EmpManagerIdFkAssoc.Employees"
    Type="oracle.jbo.server.EntityImpl"
    IsUpdateable="true"/>
  <AccessorAttribute
    Name="Warehouse"
    Association="oracle.summitdi.model.entities.associations.WarehouseManagerIdFkAssoc"
    AssociationEnd="oracle.summitdi.model.entities.associations.WarehouseManagerIdFkAssoc.Warehouse"
    AssociationOtherEnd="oracle.summitdi.model.entities.associations.WarehouseManagerIdFkAssoc.Employees"
    Type="oracle.jbo.RowIterator"
    IsUpdateable="false"/>
  <Key
    Name="SEmpIdPk"
    PrimaryKey="true">
    <DesignTime>
      <Attr Name="_DBObjectName" Value="S_EMP_ID_PK"/>
    </DesignTime>
    <AttrArray Name="Attributes">
      <Item Value="oracle.summitdi.model.entities.Employees.Id"/>
    </AttrArray>
  </Key>
  <Key
    Name="SEmpUseridUk">
    <DesignTime>
      <Attr Name="_isUnique" Value="true"/>
      <Attr Name="_DBObjectName" Value="S_EMP_USERID_UK"/>
    </DesignTime>
    <AttrArray Name="Attributes">
      <Item Value="oracle.summitdi.model.entities.Employees.Userid"/>
    </AttrArray>
  </Key>
  <Key
    Name="SEmpDeptIdFk">
    <DesignTime>
      <Attr Name="_referencedKey" Value="S_DEPT_ID_PK"/>
      <Attr Name="_isForeign" Value="true"/>
      <Attr Name="_DBObjectName" Value="S_EMP_DEPT_ID_FK"/>
    </DesignTime>
    <AttrArray Name="Attributes">
      <Item Value="oracle.summitdi.model.entities.Employees.DeptId"/>
    </AttrArray>
  </Key>
  <Key
    Name="SEmpManagerIdFk">
    <DesignTime>
      <Attr Name="_referencedKey" Value="S_EMP_ID_PK"/>
      <Attr Name="_isForeign" Value="true"/>
      <Attr Name="_DBObjectName" Value="S_EMP_MANAGER_ID_FK"/>
    </DesignTime>
    <AttrArray Name="Attributes">
      <Item Value="oracle.summitdi.model.entities.Employees.ManagerId"/>
    </AttrArray>
  </Key>
  <Key
    Name="SEmpSTitleFk1">
    <DesignTime>
      <Attr Name="_referencedKey" Value="S_TITLE_PK"/>
      <Attr Name="_isForeign" Value="true"/>
      <Attr Name="_DBObjectName" Value="S_EMP_S_TITLE_FK1"/>
    </DesignTime>
    <AttrArray Name="Attributes">
      <Item Value="oracle.summitdi.model.entities.Employees.TitleId"/>
    </AttrArray>
  </Key>
</Entity>
