<?xml version="1.0" encoding="windows-1252" ?>
<!DOCTYPE Entity SYSTEM "jbo_03_01.dtd">
<!---->
<Entity
  xmlns="http://xmlns.oracle.com/bc4j"
  Name="Inventory"
  Version="12.2.1.8.1"
  InheritPersonalization="merge"
  DBObjectType="table"
  DBObjectName="S_INVENTORY"
  AliasName="Inventory"
  BindingStyle="OracleName">
  <Attribute
    Name="ProductId"
    IsNotNull="true"
    Precision="7"
    Scale="0"
    ColumnName="PRODUCT_ID"
    SQLType="NUMERIC"
    Type="java.lang.Integer"
    ColumnType="NUMBER"
    TableName="S_INVENTORY"
    PrimaryKey="true"
    IsUpdateable="while_insert">
    <Properties>
      <SchemaBasedProperties>
        <LABEL
          ResId="oracle.summitdi.model.entities.Inventory.ProductId_LABEL"/>
      </SchemaBasedProperties>
    </Properties>
  </Attribute>
  <Attribute
    Name="WarehouseId"
    IsNotNull="true"
    Precision="7"
    Scale="0"
    ColumnName="WAREHOUSE_ID"
    SQLType="NUMERIC"
    Type="java.lang.Integer"
    ColumnType="NUMBER"
    TableName="S_INVENTORY"
    PrimaryKey="true"
    IsUpdateable="while_insert">
    <Properties>
      <SchemaBasedProperties>
        <LABEL
          ResId="oracle.summitdi.model.entities.Inventory.WarehouseId_LABEL"/>
      </SchemaBasedProperties>
    </Properties>
  </Attribute>
  <Attribute
    Name="AmountInStock"
    Precision="9"
    Scale="0"
    ColumnName="AMOUNT_IN_STOCK"
    SQLType="NUMERIC"
    Type="java.lang.Integer"
    ColumnType="NUMBER"
    TableName="S_INVENTORY">
    <Properties>
      <SchemaBasedProperties>
        <LABEL
          ResId="oracle.summitdi.model.entities.Inventory.AmountInStock_LABEL"/>
      </SchemaBasedProperties>
    </Properties>
  </Attribute>
  <Attribute
    Name="ReorderPoint"
    Precision="9"
    Scale="0"
    ColumnName="REORDER_POINT"
    SQLType="NUMERIC"
    Type="java.lang.Integer"
    ColumnType="NUMBER"
    TableName="S_INVENTORY">
    <Properties>
      <SchemaBasedProperties>
        <LABEL
          ResId="oracle.summitdi.model.entities.Inventory.ReorderPoint_LABEL"/>
      </SchemaBasedProperties>
    </Properties>
  </Attribute>
  <Attribute
    Name="MaxInStock"
    Precision="9"
    Scale="0"
    ColumnName="MAX_IN_STOCK"
    SQLType="NUMERIC"
    Type="java.lang.Integer"
    ColumnType="NUMBER"
    TableName="S_INVENTORY">
    <Properties>
      <SchemaBasedProperties>
        <LABEL
          ResId="oracle.summitdi.model.entities.Inventory.MaxInStock_LABEL"/>
      </SchemaBasedProperties>
    </Properties>
  </Attribute>
  <Attribute
    Name="OutOfStockExplanation"
    Precision="255"
    ColumnName="OUT_OF_STOCK_EXPLANATION"
    SQLType="VARCHAR"
    Type="java.lang.String"
    ColumnType="VARCHAR2"
    TableName="S_INVENTORY">
    <DesignTime>
      <Attr Name="_DisplaySize" Value="255"/>
    </DesignTime>
    <Properties>
      <SchemaBasedProperties>
        <LABEL
          ResId="oracle.summitdi.model.entities.Inventory.OutOfStockExplanation_LABEL"/>
      </SchemaBasedProperties>
    </Properties>
  </Attribute>
  <Attribute
    Name="RestockDate"
    ColumnName="RESTOCK_DATE"
    SQLType="DATE"
    Type="oracle.jbo.domain.Date"
    ColumnType="DATE"
    TableName="S_INVENTORY">
    <Properties>
      <SchemaBasedProperties>
        <LABEL
          ResId="oracle.summitdi.model.entities.Inventory.RestockDate_LABEL"/>
      </SchemaBasedProperties>
    </Properties>
  </Attribute>
  <AccessorAttribute
    Name="Warehouse"
    Association="oracle.summitdi.model.entities.associations.InventoryWarehouseAssoc"
    AssociationEnd="oracle.summitdi.model.entities.associations.InventoryWarehouseAssoc.Warehouse"
    AssociationOtherEnd="oracle.summitdi.model.entities.associations.InventoryWarehouseAssoc.Inventory1"
    Type="oracle.jbo.server.EntityImpl"
    IsUpdateable="true"/>
  <Key
    Name="SInventoryProdidWaridPk"
    PrimaryKey="true">
    <DesignTime>
      <Attr Name="_DBObjectName" Value="S_INVENTORY_PRODID_WARID_PK"/>
    </DesignTime>
    <AttrArray Name="Attributes">
      <Item Value="oracle.summitdi.model.entities.Inventory.ProductId"/>
      <Item Value="oracle.summitdi.model.entities.Inventory.WarehouseId"/>
    </AttrArray>
  </Key>
  <Key
    Name="SInventoryProductIdFk">
    <DesignTime>
      <Attr Name="_referencedKey" Value="S_PRODUCT_ID_PK"/>
      <Attr Name="_isForeign" Value="true"/>
      <Attr Name="_DBObjectName" Value="S_INVENTORY_PRODUCT_ID_FK"/>
    </DesignTime>
    <AttrArray Name="Attributes">
      <Item Value="oracle.summitdi.model.entities.Inventory.ProductId"/>
    </AttrArray>
  </Key>
  <Key
    Name="SInventoryWarehouseIdFk">
    <DesignTime>
      <Attr Name="_referencedKey" Value="S_WAREHOUSE_ID_PK"/>
      <Attr Name="_isForeign" Value="true"/>
      <Attr Name="_DBObjectName" Value="S_INVENTORY_WAREHOUSE_ID_FK"/>
    </DesignTime>
    <AttrArray Name="Attributes">
      <Item Value="oracle.summitdi.model.entities.Inventory.WarehouseId"/>
    </AttrArray>
  </Key>
  <ResourceBundle>
    <PropertiesBundle
      PropertiesFile="oracle.summitdi.model.resources.ModelBundle"/>
  </ResourceBundle>
</Entity>
