<?xml version="1.0" encoding="windows-1252" ?>
<!DOCTYPE Entity SYSTEM "jbo_03_01.dtd">
<!---->
<Entity
  xmlns="http://xmlns.oracle.com/bc4j"
  Name="Regions"
  Version="12.2.1.18.31"
  InheritPersonalization="merge"
  DBObjectType="table"
  DBObjectName="S_REGION"
  AliasName="Regions"
  BindingStyle="OracleName">
  <Attribute
    Name="Id"
    IsNotNull="true"
    Precision="7"
    Scale="0"
    ColumnName="ID"
    SQLType="NUMERIC"
    Type="java.lang.Integer"
    ColumnType="NUMBER"
    TableName="S_REGION"
    PrimaryKey="true"/>
  <Attribute
    Name="Name"
    IsUnique="true"
    IsNotNull="true"
    Precision="50"
    ColumnName="NAME"
    SQLType="VARCHAR"
    Type="java.lang.String"
    ColumnType="VARCHAR2"
    TableName="S_REGION">
    <DesignTime>
      <Attr Name="_DisplaySize" Value="50"/>
    </DesignTime>
  </Attribute>
  <AccessorAttribute
    Name="Countries"
    Association="oracle.summitdi.model.entities.associations.CountriesFkAssoc"
    AssociationEnd="oracle.summitdi.model.entities.associations.CountriesFkAssoc.Countries"
    AssociationOtherEnd="oracle.summitdi.model.entities.associations.CountriesFkAssoc.Regions"
    Type="oracle.jbo.RowIterator"
    IsUpdateable="false"/>
  <Key
    Name="SRegionIdPk"
    PrimaryKey="true">
    <DesignTime>
      <Attr Name="_DBObjectName" Value="S_REGION_ID_PK"/>
    </DesignTime>
    <AttrArray Name="Attributes">
      <Item Value="oracle.summitdi.model.entities.Regions.Id"/>
    </AttrArray>
  </Key>
  <Key
    Name="SRegionNameUk">
    <DesignTime>
      <Attr Name="_isUnique" Value="true"/>
      <Attr Name="_DBObjectName" Value="S_REGION_NAME_UK"/>
    </DesignTime>
    <AttrArray Name="Attributes">
      <Item Value="oracle.summitdi.model.entities.Regions.Name"/>
    </AttrArray>
  </Key>
</Entity>
