<?xml version="1.0" encoding="windows-1252" ?>
<!DOCTYPE Entity SYSTEM "jbo_03_01.dtd">
<!---->
<Entity
  xmlns="http://xmlns.oracle.com/bc4j"
  Name="Warehouse"
  Version="12.2.1.18.31"
  DBObjectType="table"
  DBObjectName="S_WAREHOUSE"
  AliasName="Warehouse"
  BindingStyle="OracleName"
  xmlns:validation="http://xmlns.oracle.com/adfm/validation">
  <Attribute
    Name="Id"
    IsNotNull="true"
    Precision="7"
    Scale="0"
    ColumnName="ID"
    SQLType="NUMERIC"
    Type="java.lang.Integer"
    ColumnType="NUMBER"
    TableName="S_WAREHOUSE"
    PrimaryKey="true"
    IsUpdateable="false">
    <Properties>
      <SchemaBasedProperties>
        <LABEL
          ResId="oracle.summitdi.model.entities.Warehouse.Id_LABEL"/>
      </SchemaBasedProperties>
    </Properties>
  </Attribute>
  <Attribute
    Name="Address"
    ColumnName="ADDRESS"
    Type="java.lang.String"
    ColumnType="LONG"
    TableName="S_WAREHOUSE"/>
  <Attribute
    Name="City"
    Precision="30"
    ColumnName="CITY"
    SQLType="VARCHAR"
    Type="java.lang.String"
    ColumnType="VARCHAR2"
    TableName="S_WAREHOUSE">
    <DesignTime>
      <Attr Name="_DisplaySize" Value="30"/>
    </DesignTime>
  </Attribute>
  <Attribute
    Name="State"
    Precision="20"
    ColumnName="STATE"
    SQLType="VARCHAR"
    Type="java.lang.String"
    ColumnType="VARCHAR2"
    TableName="S_WAREHOUSE">
    <DesignTime>
      <Attr Name="_DisplaySize" Value="20"/>
    </DesignTime>
  </Attribute>
  <Attribute
    Name="CountryId"
    ColumnName="COUNTRY_ID"
    SQLType="VARCHAR"
    Type="java.lang.String"
    ColumnType="VARCHAR2"
    TableName="S_WAREHOUSE"
    Precision="255">
    <DesignTime>
      <Attr Name="_DisplaySize" Value="30"/>
    </DesignTime>
    <Properties>
      <SchemaBasedProperties>
        <LABEL
          ResId="oracle.summitdi.model.entities.Warehouse.CountryId_LABEL"/>
      </SchemaBasedProperties>
    </Properties>
  </Attribute>
  <Attribute
    Name="ZipCode"
    Precision="75"
    ColumnName="ZIP_CODE"
    SQLType="VARCHAR"
    Type="java.lang.String"
    ColumnType="VARCHAR2"
    TableName="S_WAREHOUSE">
    <DesignTime>
      <Attr Name="_DisplaySize" Value="75"/>
    </DesignTime>
    <Properties>
      <SchemaBasedProperties>
        <LABEL
          ResId="oracle.summitdi.model.entities.Warehouse.ZipCode_LABEL"/>
      </SchemaBasedProperties>
    </Properties>
    <validation:RegExpValidationBean
      Name="ZipCodePatternRuleUS"
      Description='For demonstration purposes only: US zip codes (5 digits: nnnnn) or the "zip+4" format: nnnnn-nnnn'
      OnAttribute="ZipCode"
      Pattern="^\d{5}(-\d{4})?$"
      Inverse="false"
      ResId="oracle.summitdi.model.general.validation.zipcode"/>
  </Attribute>
  <Attribute
    Name="Phone"
    Precision="25"
    ColumnName="PHONE"
    SQLType="VARCHAR"
    Type="java.lang.String"
    ColumnType="VARCHAR2"
    TableName="S_WAREHOUSE">
    <DesignTime>
      <Attr Name="_DisplaySize" Value="25"/>
    </DesignTime>
  </Attribute>
  <Attribute
    Name="ManagerId"
    Precision="7"
    Scale="0"
    ColumnName="MANAGER_ID"
    SQLType="NUMERIC"
    Type="java.lang.Integer"
    ColumnType="NUMBER"
    TableName="S_WAREHOUSE">
    <Properties>
      <SchemaBasedProperties>
        <LABEL
          ResId="oracle.summitdi.model.entities.Warehouse.ManagerId_LABEL"/>
      </SchemaBasedProperties>
    </Properties>
  </Attribute>
  <AccessorAttribute
    Name="Countries"
    Association="oracle.summitdi.model.entities.associations.WarehouseCountries"
    AssociationEnd="oracle.summitdi.model.entities.associations.WarehouseCountries.Countries"
    AssociationOtherEnd="oracle.summitdi.model.entities.associations.WarehouseCountries.Warehouse"
    Type="oracle.jbo.server.EntityImpl"
    IsUpdateable="true"/>
  <AccessorAttribute
    Name="Inventory1"
    Association="oracle.summitdi.model.entities.associations.InventoryWarehouseAssoc"
    AssociationEnd="oracle.summitdi.model.entities.associations.InventoryWarehouseAssoc.Inventory1"
    AssociationOtherEnd="oracle.summitdi.model.entities.associations.InventoryWarehouseAssoc.Warehouse"
    Type="oracle.jbo.RowIterator"
    IsUpdateable="false"/>
  <AccessorAttribute
    Name="Employees"
    Association="oracle.summitdi.model.entities.associations.WarehouseManagerIdFkAssoc"
    AssociationEnd="oracle.summitdi.model.entities.associations.WarehouseManagerIdFkAssoc.Employees"
    AssociationOtherEnd="oracle.summitdi.model.entities.associations.WarehouseManagerIdFkAssoc.Warehouse"
    Type="oracle.jbo.server.EntityImpl"
    IsUpdateable="true"/>
  <Key
    Name="SWarehouseIdNn">
    <DesignTime>
      <Attr Name="_DBObjectName" Value="S_WAREHOUSE_ID_NN"/>
      <Attr Name="_checkCondition" Value="ID IS NOT NULL"/>
      <Attr Name="_isCheck" Value="true"/>
    </DesignTime>
    <AttrArray Name="Attributes"/>
  </Key>
  <Key
    Name="SWarehouseIdPk"
    PrimaryKey="true">
    <DesignTime>
      <Attr Name="_DBObjectName" Value="S_WAREHOUSE_ID_PK"/>
    </DesignTime>
    <AttrArray Name="Attributes">
      <Item Value="oracle.summitdi.model.entities.Warehouse.Id"/>
    </AttrArray>
  </Key>
  <Key
    Name="SWarehouseManagerIdFk">
    <DesignTime>
      <Attr Name="_referencedKey" Value="S_EMP_ID_PK"/>
      <Attr Name="_isForeign" Value="true"/>
      <Attr Name="_DBObjectName" Value="S_WAREHOUSE_MANAGER_ID_FK"/>
    </DesignTime>
    <AttrArray Name="Attributes">
      <Item Value="oracle.summitdi.model.entities.Warehouse.ManagerId"/>
    </AttrArray>
  </Key>
  <ResourceBundle>
    <PropertiesBundle
      PropertiesFile="oracle.summitdi.model.resources.ModelBundle"/>
  </ResourceBundle>
</Entity>
