<?xml version="1.0" encoding="windows-1252" ?>
<!DOCTYPE ViewLink SYSTEM "jbo_03_01.dtd">
<!---->
<ViewLink
  xmlns="http://xmlns.oracle.com/bc4j"
  Name="InventoryWarehouseLink"
  Version="12.2.1.22.31"
  InheritPersonalization="merge">
  <Properties>
    <SchemaBasedProperties>
      <LABEL
        ResId="oracle.summitdi.model.queries.links.InventoryWarehouseLink_LABEL"/>
    </SchemaBasedProperties>
  </Properties>
  <ViewLinkDefEnd
    Name="WarehouseView"
    Cardinality="1"
    Source="true"
    Owner="oracle.summitdi.model.queries.WarehouseView">
    <DesignTime>
      <Attr Name="_isUpdateable" Value="true"/>
      <Attr Name="_finderName" Value="WarehouseView"/>
    </DesignTime>
    <AttrArray Name="Attributes">
      <Item Value="oracle.summitdi.model.queries.WarehouseView.Id"/>
    </AttrArray>
  </ViewLinkDefEnd>
  <ViewLinkDefEnd
    Name="InventoryView1"
    Cardinality="-1"
    Owner="oracle.summitdi.model.queries.InventoryView">
    <DesignTime>
      <Attr Name="_isUpdateable" Value="true"/>
      <Attr Name="_finderName" Value="InventoryView1"/>
    </DesignTime>
    <AttrArray Name="Attributes">
      <Item Value="oracle.summitdi.model.queries.InventoryView.WarehouseId"/>
    </AttrArray>
  </ViewLinkDefEnd>
  <ResourceBundle>
    <PropertiesBundle
      PropertiesFile="oracle.summitdi.model.resources.ModelBundle"/>
  </ResourceBundle>
</ViewLink>
