<?xml version="1.0" encoding="windows-1252" ?>
<!DOCTYPE Association SYSTEM "jbo_03_01.dtd">
<!---->
<Association
  xmlns="http://xmlns.oracle.com/bc4j"
  Name="SCustomerCreditRatingIdFkAssoc"
  Version="11.1.1.60.13">
  <DesignTime>
    <Attr Name="_isCodegen" Value="true"/>
  </DesignTime>
  <AssociationEnd
    Name="CreditRatingEO"
    Cardinality="1"
    Source="true"
    Owner="oracle.summit.model.entities.CreditRatingEO"
    LockLevel="NONE">
    <DesignTime>
      <Attr Name="_aggregation" Value="0"/>
      <Attr Name="_finderName" Value="CreditRatingEO"/>
      <Attr Name="_isUpdateable" Value="true"/>
    </DesignTime>
    <AttrArray Name="Attributes">
      <Item Value="oracle.summit.model.entities.CreditRatingEO.Id"/>
    </AttrArray>
  </AssociationEnd>
  <AssociationEnd
    Name="CustomerEO"
    Cardinality="-1"
    Owner="oracle.summit.model.entities.CustomerEO">
    <DesignTime>
      <Attr Name="_aggregation" Value="0"/>
      <Attr Name="_finderName" Value="CustomerEO"/>
      <Attr Name="_isUpdateable" Value="true"/>
    </DesignTime>
    <AttrArray Name="Attributes">
      <Item Value="oracle.summit.model.entities.CustomerEO.CreditRatingId"/>
    </AttrArray>
  </AssociationEnd>
</Association>
