<?xml version="1.0" encoding="windows-1252" ?>
<!DOCTYPE Association SYSTEM "jbo_03_01.dtd">
<!---->
<Association
  xmlns="http://xmlns.oracle.com/bc4j"
  Name="SDeptRegionIdFkAssoc"
  Version="11.1.1.56.60">
  <DesignTime>
    <Attr Name="_isCodegen" Value="true"/>
  </DesignTime>
  <AssociationEnd
    Name="RegionEO"
    Cardinality="1"
    Source="true"
    Owner="oracle.summit.model.entities.RegionEO">
    <DesignTime>
      <Attr Name="_aggregation" Value="0"/>
      <Attr Name="_finderName" Value="RegionEO"/>
      <Attr Name="_foreignKey"
        Value="oracle.summit.model.entities.RegionEO.SRegionIdPk"/>
      <Attr Name="_isUpdateable" Value="true"/>
    </DesignTime>
    <AttrArray Name="Attributes">
      <Item Value="oracle.summit.model.entities.RegionEO.Id"/>
    </AttrArray>
  </AssociationEnd>
  <AssociationEnd
    Name="DeptEO"
    Cardinality="-1"
    Owner="oracle.summit.model.entities.DeptEO">
    <DesignTime>
      <Attr Name="_aggregation" Value="0"/>
      <Attr Name="_finderName" Value="DeptEO"/>
      <Attr Name="_foreignKey"
        Value="oracle.summit.model.entities.DeptEO.SDeptRegionIdFk"/>
      <Attr Name="_isUpdateable" Value="true"/>
    </DesignTime>
    <AttrArray Name="Attributes">
      <Item Value="oracle.summit.model.entities.DeptEO.RegionId"/>
    </AttrArray>
  </AssociationEnd>
</Association>
