<?xml version="1.0" encoding="windows-1252" ?>
<!DOCTYPE Association SYSTEM "jbo_03_01.dtd">
<!---->
<Association
  xmlns="http://xmlns.oracle.com/bc4j"
  Name="SEmpSTitleFk1Assoc"
  Version="11.1.1.56.60">
  <DesignTime>
    <Attr Name="_isCodegen" Value="true"/>
  </DesignTime>
  <AssociationEnd
    Name="TitleEO"
    Cardinality="1"
    Source="true"
    Owner="oracle.summit.model.entities.TitleEO">
    <DesignTime>
      <Attr Name="_aggregation" Value="0"/>
      <Attr Name="_finderName" Value="TitleEO"/>
      <Attr Name="_foreignKey"
        Value="oracle.summit.model.entities.TitleEO.STitlePk"/>
      <Attr Name="_isUpdateable" Value="true"/>
    </DesignTime>
    <AttrArray Name="Attributes">
      <Item Value="oracle.summit.model.entities.TitleEO.TitleId"/>
    </AttrArray>
  </AssociationEnd>
  <AssociationEnd
    Name="EmpEO"
    Cardinality="-1"
    Owner="oracle.summit.model.entities.EmpEO">
    <DesignTime>
      <Attr Name="_aggregation" Value="0"/>
      <Attr Name="_finderName" Value="EmpEO"/>
      <Attr Name="_foreignKey"
        Value="oracle.summit.model.entities.EmpEO.SEmpSTitleFk1"/>
      <Attr Name="_isUpdateable" Value="true"/>
    </DesignTime>
    <AttrArray Name="Attributes">
      <Item Value="oracle.summit.model.entities.EmpEO.TitleId"/>
    </AttrArray>
  </AssociationEnd>
</Association>
