<?xml version="1.0" encoding="windows-1252" ?>
<!DOCTYPE Association SYSTEM "jbo_03_01.dtd">
<!---->
<Association
  xmlns="http://xmlns.oracle.com/bc4j"
  Name="SInventoryWarehouseIdFkAssoc"
  Version="11.1.1.56.60">
  <DesignTime>
    <Attr Name="_isCodegen" Value="true"/>
  </DesignTime>
  <AssociationEnd
    Name="WarehouseEO"
    Cardinality="1"
    Source="true"
    Owner="oracle.summit.model.entities.WarehouseEO">
    <DesignTime>
      <Attr Name="_aggregation" Value="0"/>
      <Attr Name="_finderName" Value="WarehouseEO"/>
      <Attr Name="_foreignKey"
        Value="oracle.summit.model.entities.WarehouseEO.SWarehouseIdPk"/>
      <Attr Name="_isUpdateable" Value="true"/>
      <Attr Name="_minCardinality" Value="1"/>
    </DesignTime>
    <AttrArray Name="Attributes">
      <Item Value="oracle.summit.model.entities.WarehouseEO.Id"/>
    </AttrArray>
  </AssociationEnd>
  <AssociationEnd
    Name="InventoryEO"
    Cardinality="-1"
    Owner="oracle.summit.model.entities.InventoryEO">
    <DesignTime>
      <Attr Name="_aggregation" Value="0"/>
      <Attr Name="_finderName" Value="InventoryEO"/>
      <Attr Name="_foreignKey"
        Value="oracle.summit.model.entities.InventoryEO.SInventoryWarehouseIdFk"/>
      <Attr Name="_isUpdateable" Value="true"/>
    </DesignTime>
    <AttrArray Name="Attributes">
      <Item Value="oracle.summit.model.entities.InventoryEO.WarehouseId"/>
    </AttrArray>
  </AssociationEnd>
</Association>
