<?xml version="1.0" encoding="windows-1252" ?>
<!DOCTYPE Association SYSTEM "jbo_03_01.dtd">
<!---->
<Association
  xmlns="http://xmlns.oracle.com/bc4j"
  Name="SOrdPaymentTypeIdFkAssoc"
  Version="11.1.1.60.13">
  <DesignTime>
    <Attr Name="_isCodegen" Value="true"/>
  </DesignTime>
  <AssociationEnd
    Name="PaymentTypeEO"
    Cardinality="1"
    Source="true"
    Owner="oracle.summit.model.entities.PaymentTypeEO"
    LockLevel="NONE">
    <DesignTime>
      <Attr Name="_aggregation" Value="0"/>
      <Attr Name="_finderName" Value="PaymentTypeEO"/>
      <Attr Name="_isUpdateable" Value="true"/>
    </DesignTime>
    <AttrArray Name="Attributes">
      <Item Value="oracle.summit.model.entities.PaymentTypeEO.Id"/>
    </AttrArray>
  </AssociationEnd>
  <AssociationEnd
    Name="OrdEO"
    Cardinality="-1"
    Owner="oracle.summit.model.entities.OrdEO">
    <DesignTime>
      <Attr Name="_aggregation" Value="0"/>
      <Attr Name="_finderName" Value="OrdEO"/>
      <Attr Name="_isUpdateable" Value="true"/>
    </DesignTime>
    <AttrArray Name="Attributes">
      <Item Value="oracle.summit.model.entities.OrdEO.PaymentTypeId"/>
    </AttrArray>
  </AssociationEnd>
</Association>
