<?xml version="1.0" encoding="windows-1252" ?>
<!DOCTYPE Association SYSTEM "jbo_03_01.dtd">
<!---->
<Association
  xmlns="http://xmlns.oracle.com/bc4j"
  Name="SOrdCustomerIdFkAssoc"
  Version="11.1.1.56.60">
  <DesignTime>
    <Attr Name="_isCodegen" Value="true"/>
  </DesignTime>
  <AssociationEnd
    Name="CustomerEO"
    Cardinality="1"
    Source="true"
    Owner="oracle.summit.model.entities.CustomerEO">
    <DesignTime>
      <Attr Name="_aggregation" Value="0"/>
      <Attr Name="_finderName" Value="CustomerEO"/>
      <Attr Name="_foreignKey"
        Value="oracle.summit.model.entities.CustomerEO.SCustomerIdPk"/>
      <Attr Name="_isUpdateable" Value="true"/>
      <Attr Name="_minCardinality" Value="1"/>
    </DesignTime>
    <AttrArray Name="Attributes">
      <Item Value="oracle.summit.model.entities.CustomerEO.Id"/>
    </AttrArray>
  </AssociationEnd>
  <AssociationEnd
    Name="OrdEO"
    Cardinality="-1"
    Owner="oracle.summit.model.entities.OrdEO">
    <DesignTime>
      <Attr Name="_aggregation" Value="0"/>
      <Attr Name="_finderName" Value="OrdEO"/>
      <Attr Name="_foreignKey"
        Value="oracle.summit.model.entities.OrdEO.SOrdCustomerIdFk"/>
      <Attr Name="_isUpdateable" Value="true"/>
    </DesignTime>
    <AttrArray Name="Attributes">
      <Item Value="oracle.summit.model.entities.OrdEO.CustomerId"/>
    </AttrArray>
  </AssociationEnd>
</Association>
