<?xml version="1.0" encoding="windows-1252" ?>
<!DOCTYPE Association SYSTEM "jbo_03_01.dtd">
<!---->
<Association
  xmlns="http://xmlns.oracle.com/bc4j"
  Name="SProductImageIdFkAssoc"
  Version="11.1.1.56.60">
  <DesignTime>
    <Attr Name="_isCodegen" Value="true"/>
  </DesignTime>
  <AssociationEnd
    Name="ImageEO"
    Cardinality="1"
    Source="true"
    Owner="oracle.summit.model.entities.ImageEO">
    <DesignTime>
      <Attr Name="_aggregation" Value="0"/>
      <Attr Name="_finderName" Value="ImageEO"/>
      <Attr Name="_foreignKey"
        Value="oracle.summit.model.entities.ImageEO.SImageIdPk"/>
      <Attr Name="_isUpdateable" Value="true"/>
    </DesignTime>
    <AttrArray Name="Attributes">
      <Item Value="oracle.summit.model.entities.ImageEO.Id"/>
    </AttrArray>
  </AssociationEnd>
  <AssociationEnd
    Name="ProductEO"
    Cardinality="-1"
    Owner="oracle.summit.model.entities.ProductEO">
    <DesignTime>
      <Attr Name="_aggregation" Value="0"/>
      <Attr Name="_finderName" Value="ProductEO"/>
      <Attr Name="_foreignKey"
        Value="oracle.summit.model.entities.ProductEO.SProductImageIdFk"/>
      <Attr Name="_isUpdateable" Value="true"/>
    </DesignTime>
    <AttrArray Name="Attributes">
      <Item Value="oracle.summit.model.entities.ProductEO.ImageId"/>
    </AttrArray>
  </AssociationEnd>
</Association>
