<?xml version="1.0" encoding="windows-1252" ?>
<!DOCTYPE Association SYSTEM "jbo_03_01.dtd">
<!---->
<Association
  xmlns="http://xmlns.oracle.com/bc4j"
  Name="SWarehouseCountryIdFkAssoc"
  Version="11.1.1.60.13">
  <DesignTime>
    <Attr Name="_isCodegen" Value="true"/>
  </DesignTime>
  <AssociationEnd
    Name="CountryEO"
    Cardinality="1"
    Source="true"
    Owner="oracle.summit.model.entities.CountryEO"
    LockLevel="NONE">
    <DesignTime>
      <Attr Name="_aggregation" Value="0"/>
      <Attr Name="_finderName" Value="CountryEO"/>
      <Attr Name="_isUpdateable" Value="true"/>
    </DesignTime>
    <AttrArray Name="Attributes">
      <Item Value="oracle.summit.model.entities.CountryEO.Id"/>
    </AttrArray>
  </AssociationEnd>
  <AssociationEnd
    Name="WarehouseEO"
    Cardinality="-1"
    Owner="oracle.summit.model.entities.WarehouseEO">
    <DesignTime>
      <Attr Name="_aggregation" Value="0"/>
      <Attr Name="_finderName" Value="WarehouseEO"/>
      <Attr Name="_isUpdateable" Value="true"/>
    </DesignTime>
    <AttrArray Name="Attributes">
      <Item Value="oracle.summit.model.entities.WarehouseEO.CountryId"/>
    </AttrArray>
  </AssociationEnd>
</Association>
