<?xml version="1.0" encoding="windows-1252" ?>
<!DOCTYPE Association SYSTEM "jbo_03_01.dtd">
<!---->
<Association
  xmlns="http://xmlns.oracle.com/bc4j"
  Name="SItemOrdIdFkAssoc"
  Version="11.1.1.59.23">
  <DesignTime>
    <Attr Name="_isCodegen" Value="true"/>
  </DesignTime>
  <AssociationEnd
    Name="OrdEO"
    Cardinality="1"
    Source="true"
    Owner="oracle.summit.model.entities.OrdEO"
    LockLevel="NONE"
    DeleteContainee="true">
    <DesignTime>
      <Attr Name="_aggregation" Value="0"/>
      <Attr Name="_finderName" Value="OrdEO"/>
      <Attr Name="_foreignKey"
        Value="oracle.summit.model.entities.OrdEO.SOrdIdPk"/>
      <Attr Name="_isUpdateable" Value="true"/>
      <Attr Name="_minCardinality" Value="1"/>
    </DesignTime>
    <AttrArray Name="Attributes">
      <Item Value="oracle.summit.model.entities.OrdEO.Id"/>
    </AttrArray>
  </AssociationEnd>
  <AssociationEnd
    Name="ItemEO"
    Cardinality="-1"
    Owner="oracle.summit.model.entities.ItemEO"
    HasOwner="true">
    <DesignTime>
      <Attr Name="_aggregation" Value="0"/>
      <Attr Name="_finderName" Value="ItemEO"/>
      <Attr Name="_foreignKey"
        Value="oracle.summit.model.entities.ItemEO.SItemOrdIdFk"/>
      <Attr Name="_isUpdateable" Value="true"/>
    </DesignTime>
    <AttrArray Name="Attributes">
      <Item Value="oracle.summit.model.entities.ItemEO.OrdId"/>
    </AttrArray>
  </AssociationEnd>
</Association>
