<?xml version="1.0" encoding="windows-1252" ?>
<!DOCTYPE ViewObject SYSTEM "jbo_03_01.dtd">
<!---->
<ViewObject
  xmlns="http://xmlns.oracle.com/bc4j"
  Name="CustomersView"
  Version="12.2.1.18.31"
  InheritPersonalization="true"
  SelectList="Customers.ID, 
       Customers.NAME, 
       Customers.PHONE, 
       Customers.ADDRESS, 
       Customers.CITY, 
       Customers.STATE, 
       Customers.COUNTRY_ID, 
       Customers.ZIP_CODE, 
       Customers.CREDIT_RATING_ID, 
       Customers.SALES_REP_ID, 
       Customers.COMMENTS, 
       Countries.ID AS ID1, 
       Countries.REGION_ID, 
       Employees.LAST_NAME, 
       Employees.ID AS SALES_REP_ID1, 
       (Countries.REGION_ID) AS TEMP_REGION_ID"
  FromList="S_CUSTOMER Customers, S_COUNTRIES Countries, S_EMP Employees"
  BindingStyle="OracleName"
  CustomQuery="false"
  PageIterMode="Full"
  Where="(Customers.COUNTRY_ID = Countries.ID(+)) AND (Customers.SALES_REP_ID = Employees.ID(+))">
  <ViewAccessor
    Name="CreditRatingsAccessor"
    ViewObjectName="oracle.summitdi.model.queries.readonly.CreditRatings"
    RowLevelBinds="true"/>
  <ViewAccessor
    Name="CountriesVA"
    ViewObjectName="oracle.summitdi.model.queries.readonly.Countries"
    RowLevelBinds="true">
    <ViewCriteriaUsage
      Name="CountriesByRegion"
      FullName="oracle.summitdi.model.queries.readonly.Countries.CountriesByRegion"/>
    <ParameterMap>
      <PIMap Variable="regID_var">
        <TransientExpression
          Name="BindVariable"><![CDATA[RegionId]]></TransientExpression>
      </PIMap>
    </ParameterMap>
  </ViewAccessor>
  <ViewAccessor
    Name="RegionsVA"
    ViewObjectName="oracle.summitdi.model.queries.readonly.Regions"
    RowLevelBinds="true"/>
  <ViewAccessor
    Name="SalesRepsAccessor"
    ViewObjectName="oracle.summitdi.model.queries.readonly.SalesReps"
    RowLevelBinds="true"/>
  <ListBinding
    Name="CreditRating_LOV"
    ListVOName="CreditRatingsAccessor"
    ListRangeSize="-1"
    NullValueFlag="none"
    MRUCount="0">
    <AttrArray Name="AttrNames">
      <Item Value="CreditRatingId"/>
    </AttrArray>
    <AttrArray Name="AttrExpressions"/>
    <AttrArray Name="ListAttrNames">
      <Item Value="Id"/>
    </AttrArray>
    <AttrArray Name="ListDisplayAttrNames">
      <Item Value="CreditRating"/>
    </AttrArray>
    <DisplayCriteria/>
  </ListBinding>
  <ListBinding
    Name="CountriesLOV"
    ListVOName="CountriesVA"
    ListRangeSize="-1"
    NullValueFlag="none"
    MRUCount="0">
    <AttrArray Name="AttrNames">
      <Item Value="CountryId"/>
    </AttrArray>
    <AttrArray Name="AttrExpressions"/>
    <AttrArray Name="ListAttrNames">
      <Item Value="Id"/>
    </AttrArray>
    <AttrArray Name="ListDisplayAttrNames">
      <Item Value="Country"/>
    </AttrArray>
    <DisplayCriteria/>
  </ListBinding>
  <ListBinding
    Name="LOV_SalesRep"
    ListVOName="SalesRepsAccessor"
    ListRangeSize="-1"
    ComboRowCountHint="10"
    NullValueFlag="none"
    MRUCount="0">
    <AttrArray Name="AttrNames">
      <Item Value="SalesRep"/>
    </AttrArray>
    <AttrArray Name="AttrExpressions"/>
    <AttrArray Name="DerivedAttrNames">
      <Item Value="SalesRepId"/>
    </AttrArray>
    <AttrArray Name="ListAttrNames">
      <Item Value="LastName"/>
      <Item Value="Id"/>
    </AttrArray>
    <AttrArray Name="ListDisplayAttrNames">
      <Item Value="Id"/>
      <Item Value="LastName"/>
      <Item Value="FirstName"/>
      <Item Value="Userid"/>
    </AttrArray>
    <DisplayCriteria
      Hint="showAndExecute"
      Name="SalesRepsCriteriaCaseInsens"/>
  </ListBinding>
  <ListBinding
    Name="RegionId_LOV"
    ListVOName="RegionsVA"
    ListRangeSize="-1"
    NullValueFlag="none"
    MRUCount="0">
    <AttrArray Name="AttrNames">
      <Item Value="RegionId"/>
    </AttrArray>
    <AttrArray Name="AttrExpressions"/>
    <AttrArray Name="ListAttrNames">
      <Item Value="Id"/>
    </AttrArray>
    <AttrArray Name="ListDisplayAttrNames">
      <Item Value="RegionName"/>
    </AttrArray>
    <DisplayCriteria/>
  </ListBinding>
  <EntityUsage
    Name="Customers"
    Entity="oracle.summitdi.model.entities.Customers"/>
  <EntityUsage
    Name="Countries"
    Entity="oracle.summitdi.model.entities.Countries"
    SourceUsage="oracle.summitdi.model.queries.CustomersView.Customers"
    DeleteParticipant="false"
    Association="oracle.summitdi.model.entities.associations.CustomerCountriesAssoc"
    AssociationEnd="oracle.summitdi.model.entities.associations.CustomerCountriesAssoc.Countries"
    JoinType="LEFT OUTER JOIN"
    ReadOnly="true"
    Reference="true">
    <DesignTime>
      <AttrArray Name="_srcAttributes">
        <Item Value="oracle.summitdi.model.entities.Customers.CountryId"/>
      </AttrArray>
      <AttrArray Name="_dstAttributes">
        <Item Value="oracle.summitdi.model.entities.Countries.Id"/>
      </AttrArray>
    </DesignTime>
  </EntityUsage>
  <EntityUsage
    Name="Employees"
    Entity="oracle.summitdi.model.entities.Employees"
    Association="oracle.summitdi.model.entities.associations.SalesRepIdFkAssoc"
    AssociationEnd="oracle.summitdi.model.entities.associations.SalesRepIdFkAssoc.Employees"
    SourceUsage="oracle.summitdi.model.queries.CustomersView.Customers"
    ReadOnly="true"
    Reference="true"
    DeleteParticipant="false"
    JoinType="LEFT OUTER JOIN">
    <DesignTime>
      <AttrArray Name="_srcAttributes">
        <Item Value="oracle.summitdi.model.entities.Customers.SalesRepId"/>
      </AttrArray>
      <AttrArray Name="_dstAttributes">
        <Item Value="oracle.summitdi.model.entities.Employees.Id"/>
      </AttrArray>
    </DesignTime>
  </EntityUsage>
  <ViewAttribute
    Name="Id"
    IsNotNull="true"
    PrecisionRule="true"
    EntityAttrName="Id"
    EntityUsage="Customers"
    AliasName="ID"
    IsUpdateable="while_insert"/>
  <ViewAttribute
    Name="Name"
    IsNotNull="true"
    PrecisionRule="true"
    EntityAttrName="Name"
    EntityUsage="Customers"
    AliasName="NAME"/>
  <ViewAttribute
    Name="Phone"
    PrecisionRule="true"
    EntityAttrName="Phone"
    EntityUsage="Customers"
    AliasName="PHONE"/>
  <ViewAttribute
    Name="Address"
    PrecisionRule="true"
    EntityAttrName="Address"
    EntityUsage="Customers"
    AliasName="ADDRESS"/>
  <ViewAttribute
    Name="City"
    PrecisionRule="true"
    EntityAttrName="City"
    EntityUsage="Customers"
    AliasName="CITY"/>
  <ViewAttribute
    Name="State"
    PrecisionRule="true"
    EntityAttrName="State"
    EntityUsage="Customers"
    AliasName="STATE"/>
  <ViewAttribute
    Name="CountryId"
    PrecisionRule="true"
    EntityAttrName="CountryId"
    EntityUsage="Customers"
    AliasName="COUNTRY_ID"
    LOVName="CountriesLOV">
    <Properties>
      <SchemaBasedProperties>
        <CONTROLTYPE
          Value="choice"/>
      </SchemaBasedProperties>
    </Properties>
    <Dependencies>
      <Item
        Value="RegionId"/>
    </Dependencies>
  </ViewAttribute>
  <ViewAttribute
    Name="ZipCode"
    PrecisionRule="true"
    EntityAttrName="ZipCode"
    EntityUsage="Customers"
    AliasName="ZIP_CODE">
    <Properties>
      <SchemaBasedProperties>
        <TOOLTIP
          ResId="oracle.summitdi.model.general.validation.zipcode"/>
      </SchemaBasedProperties>
    </Properties>
  </ViewAttribute>
  <ViewAttribute
    Name="CreditRatingId"
    PrecisionRule="true"
    EntityAttrName="CreditRatingId"
    EntityUsage="Customers"
    AliasName="CREDIT_RATING_ID"
    LOVName="CreditRating_LOV">
    <Properties>
      <SchemaBasedProperties>
        <CONTROLTYPE
          Value="choice"/>
      </SchemaBasedProperties>
    </Properties>
  </ViewAttribute>
  <ViewAttribute
    Name="SalesRepId"
    PrecisionRule="true"
    EntityAttrName="SalesRepId"
    EntityUsage="Customers"
    AliasName="SALES_REP_ID"/>
  <ViewAttribute
    Name="Comments"
    PrecisionRule="true"
    EntityAttrName="Comments"
    EntityUsage="Customers"
    AliasName="COMMENTS"/>
  <ViewAttribute
    Name="Id1"
    IsNotNull="true"
    PrecisionRule="true"
    EntityAttrName="Id"
    EntityUsage="Countries"
    AliasName="ID1"/>
  <ViewAttribute
    Name="RegionId1"
    PrecisionRule="true"
    EntityAttrName="RegionId"
    EntityUsage="Countries"
    AliasName="REGION_ID"/>
  <ViewAttribute
    Name="SalesRep"
    IsNotNull="true"
    PrecisionRule="true"
    EntityAttrName="LastName"
    EntityUsage="Employees"
    AliasName="LAST_NAME"
    LOVName="LOV_SalesRep">
    <Properties>
      <SchemaBasedProperties>
        <LABEL
          ResId="oracle.summitdi.model.queries.CustomersView.SalesRep_LABEL"/>
        <CONTROLTYPE
          Value="input_text_lov"/>
      </SchemaBasedProperties>
    </Properties>
  </ViewAttribute>
  <ViewAttribute
    Name="SalesRepId1"
    IsNotNull="true"
    PrecisionRule="true"
    EntityAttrName="Id"
    EntityUsage="Employees"
    AliasName="SALES_REP_ID1"/>
  <ViewAttribute
    Name="RegionId"
    IsPersistent="false"
    PrecisionRule="true"
    Type="java.lang.Integer"
    ColumnType="INTEGER"
    AliasName="TEMP_REGION_ID"
    SQLType="INTEGER"
    Passivate="true"
    Expression="Countries.REGION_ID"
    LOVName="RegionId_LOV">
    <Properties>
      <SchemaBasedProperties>
        <CONTROLTYPE
          Value="choice"/>
        <LABEL
          ResId="oracle.summitdi.model.queries.CustomersView.RegionId_LABEL"/>
      </SchemaBasedProperties>
    </Properties>
  </ViewAttribute>
  <AttrArray Name="KeyAttributes">
    <Item Value="Id"/>
  </AttrArray>
  <ResourceBundle>
    <PropertiesBundle
      PropertiesFile="oracle.summitdi.model.resources.ModelBundle"/>
  </ResourceBundle>
</ViewObject>
