<?xml version="1.0" encoding="windows-1252" ?>
<!DOCTYPE ViewObject SYSTEM "jbo_03_01.dtd">
<!---->
<ViewObject
  xmlns="http://xmlns.oracle.com/bc4j"
  Name="InventoryWarehouseView"
  Version="12.2.1.8.1"
  InheritPersonalization="merge"
  SelectListFlags="1"
  FromListFlags="1"
  WhereFlags="1"
  BindingStyle="OracleName"
  CustomQuery="false"
  SelectAllAttributes="false"
  PageIterMode="Full">
  <Properties>
    <SchemaBasedProperties>
      <LABEL
        ResId="oracle.summitdi.model.queries.InventoryWarehouseView_LABEL"/>
    </SchemaBasedProperties>
  </Properties>
  <EntityUsage
    Name="Inventory"
    Entity="oracle.summitdi.model.entities.Inventory"/>
  <EntityUsage
    Name="Warehouse"
    Entity="oracle.summitdi.model.entities.Warehouse"
    Association="oracle.summitdi.model.entities.associations.InventoryWarehouseAssoc"
    AssociationEnd="oracle.summitdi.model.entities.associations.InventoryWarehouseAssoc.Warehouse"
    SourceUsage="oracle.summitdi.model.queries.InventoryWarehouseView.Inventory"
    ReadOnly="true"
    Reference="true"
    DeleteParticipant="false"
    JoinType="LEFT OUTER JOIN">
    <DesignTime>
      <AttrArray Name="_srcAttributes">
        <Item Value="oracle.summitdi.model.entities.Inventory.WarehouseId"/>
      </AttrArray>
      <AttrArray Name="_dstAttributes">
        <Item Value="oracle.summitdi.model.entities.Warehouse.Id"/>
      </AttrArray>
    </DesignTime>
  </EntityUsage>
  <EntityUsage
    Name="Countries"
    Entity="oracle.summitdi.model.entities.Countries"
    Association="oracle.summitdi.model.entities.associations.WarehouseCountries"
    AssociationEnd="oracle.summitdi.model.entities.associations.WarehouseCountries.Countries"
    SourceUsage="oracle.summitdi.model.queries.InventoryWarehouseView.Warehouse"
    ReadOnly="true"
    Reference="true"
    DeleteParticipant="false"
    JoinType="LEFT OUTER JOIN">
    <DesignTime>
      <AttrArray Name="_srcAttributes">
        <Item Value="oracle.summitdi.model.entities.Warehouse.CountryId"/>
      </AttrArray>
      <AttrArray Name="_dstAttributes">
        <Item Value="oracle.summitdi.model.entities.Countries.Id"/>
      </AttrArray>
    </DesignTime>
  </EntityUsage>
  <EntityUsage
    Name="Employees"
    Entity="oracle.summitdi.model.entities.Employees"
    Association="oracle.summitdi.model.entities.associations.WarehouseManagerIdFkAssoc"
    AssociationEnd="oracle.summitdi.model.entities.associations.WarehouseManagerIdFkAssoc.Employees"
    SourceUsage="oracle.summitdi.model.queries.InventoryWarehouseView.Warehouse"
    ReadOnly="true"
    Reference="true"
    DeleteParticipant="false"
    JoinType="LEFT OUTER JOIN">
    <DesignTime>
      <AttrArray Name="_srcAttributes">
        <Item Value="oracle.summitdi.model.entities.Warehouse.ManagerId"/>
      </AttrArray>
      <AttrArray Name="_dstAttributes">
        <Item Value="oracle.summitdi.model.entities.Employees.Id"/>
      </AttrArray>
    </DesignTime>
  </EntityUsage>
  <ViewAttribute
    Name="AmountInStock"
    PrecisionRule="true"
    EntityAttrName="AmountInStock"
    EntityUsage="Inventory"
    AliasName="AMOUNT_IN_STOCK"/>
  <ViewAttribute
    Name="MaxInStock"
    PrecisionRule="true"
    EntityAttrName="MaxInStock"
    EntityUsage="Inventory"
    AliasName="MAX_IN_STOCK"/>
  <ViewAttribute
    Name="OutOfStockExplanation"
    PrecisionRule="true"
    EntityAttrName="OutOfStockExplanation"
    EntityUsage="Inventory"
    AliasName="OUT_OF_STOCK_EXPLANATION"/>
  <ViewAttribute
    Name="ProductId"
    IsNotNull="true"
    PrecisionRule="true"
    EntityAttrName="ProductId"
    EntityUsage="Inventory"
    AliasName="PRODUCT_ID"/>
  <ViewAttribute
    Name="ReorderPoint"
    PrecisionRule="true"
    EntityAttrName="ReorderPoint"
    EntityUsage="Inventory"
    AliasName="REORDER_POINT"/>
  <ViewAttribute
    Name="RestockDate"
    PrecisionRule="true"
    EntityAttrName="RestockDate"
    EntityUsage="Inventory"
    AliasName="RESTOCK_DATE">
    <Properties>
      <SchemaBasedProperties>
        <TOOLTIP
          ResId="oracle.summitdi.model.queries.InventoryWarehouseView.RestockDate_TOOLTIP"/>
      </SchemaBasedProperties>
    </Properties>
  </ViewAttribute>
  <ViewAttribute
    Name="WarehouseId"
    IsNotNull="true"
    PrecisionRule="true"
    EntityAttrName="WarehouseId"
    EntityUsage="Inventory"
    AliasName="WAREHOUSE_ID"/>
  <ViewAttribute
    Name="Address"
    PrecisionRule="true"
    EntityAttrName="Address"
    EntityUsage="Warehouse"
    AliasName="ADDRESS"/>
  <ViewAttribute
    Name="City"
    PrecisionRule="true"
    EntityAttrName="City"
    EntityUsage="Warehouse"
    AliasName="CITY"/>
  <ViewAttribute
    Name="CountryId"
    PrecisionRule="true"
    EntityAttrName="CountryId"
    EntityUsage="Warehouse"
    AliasName="COUNTRY_ID"/>
  <ViewAttribute
    Name="Id"
    IsUpdateable="false"
    IsNotNull="true"
    PrecisionRule="true"
    EntityAttrName="Id"
    EntityUsage="Warehouse"
    AliasName="ID"/>
  <ViewAttribute
    Name="ManagerId"
    PrecisionRule="true"
    EntityAttrName="ManagerId"
    EntityUsage="Warehouse"
    AliasName="MANAGER_ID"/>
  <ViewAttribute
    Name="Phone"
    PrecisionRule="true"
    EntityAttrName="Phone"
    EntityUsage="Warehouse"
    AliasName="PHONE"/>
  <ViewAttribute
    Name="State"
    PrecisionRule="true"
    EntityAttrName="State"
    EntityUsage="Warehouse"
    AliasName="STATE"/>
  <ViewAttribute
    Name="ZipCode"
    PrecisionRule="true"
    EntityAttrName="ZipCode"
    EntityUsage="Warehouse"
    AliasName="ZIP_CODE"/>
  <ViewAttribute
    Name="Country"
    IsUnique="true"
    PrecisionRule="true"
    EntityAttrName="Country"
    EntityUsage="Countries"
    AliasName="COUNTRY"/>
  <ViewAttribute
    Name="Id1"
    IsNotNull="true"
    PrecisionRule="true"
    EntityAttrName="Id"
    EntityUsage="Countries"
    AliasName="ID1"/>
  <ViewAttribute
    Name="FirstName"
    PrecisionRule="true"
    EntityAttrName="FirstName"
    EntityUsage="Employees"
    AliasName="FIRST_NAME">
    <Properties>
      <SchemaBasedProperties>
        <LABEL
          ResId="oracle.summitdi.model.queries.InventoryWarehouseView.FirstName_LABEL"/>
      </SchemaBasedProperties>
    </Properties>
  </ViewAttribute>
  <ViewAttribute
    Name="Id2"
    IsNotNull="true"
    PrecisionRule="true"
    EntityAttrName="Id"
    EntityUsage="Employees"
    AliasName="ID2"/>
  <ViewAttribute
    Name="LastName"
    IsNotNull="true"
    PrecisionRule="true"
    EntityAttrName="LastName"
    EntityUsage="Employees"
    AliasName="LAST_NAME">
    <Properties>
      <SchemaBasedProperties>
        <LABEL
          ResId="oracle.summitdi.model.queries.InventoryWarehouseView.LastName_LABEL"/>
      </SchemaBasedProperties>
    </Properties>
  </ViewAttribute>
  <AttrArray Name="KeyAttributes">
    <Item Value="ProductId"/>
    <Item Value="WarehouseId"/>
  </AttrArray>
  <ResourceBundle>
    <PropertiesBundle
      PropertiesFile="oracle.summitdi.model.resources.ModelBundle"/>
  </ResourceBundle>
</ViewObject>
