<?xml version="1.0" encoding="windows-1252" ?>
<!DOCTYPE ViewObject SYSTEM "jbo_03_01.dtd">
<!---->
<ViewObject
  xmlns="http://xmlns.oracle.com/bc4j"
  Name="WarehouseView"
  Version="12.2.1.22.31"
  SelectList="Warehouse.ID, 
       Warehouse.ADDRESS, 
       Warehouse.CITY, 
       Warehouse.STATE, 
       Warehouse.COUNTRY_ID, 
       Warehouse.ZIP_CODE, 
       Warehouse.PHONE, 
       Warehouse.MANAGER_ID, 
       Countries.COUNTRY, 
       Countries.ID AS ID1, 
       Countries.REGION_ID, 
       (Countries.REGION_ID) AS TEMP_REGION_ID"
  FromList="S_WAREHOUSE Warehouse, S_COUNTRIES Countries"
  BindingStyle="OracleName"
  CustomQuery="false"
  PageIterMode="Full"
  Where="Warehouse.COUNTRY_ID = Countries.ID(+)">
  <ViewAccessor
    Name="CountriesVA"
    ViewObjectName="oracle.summitdi.model.queries.readonly.Countries"
    RowLevelBinds="true">
    <ViewCriteriaUsage
      Name="CountriesByRegion"
      FullName="oracle.summitdi.model.queries.readonly.Countries.CountriesByRegion"/>
    <ParameterMap>
      <PIMap Variable="regID_var">
        <TransientExpression
          Name="BindVariable"><![CDATA[RegionId]]></TransientExpression>
      </PIMap>
    </ParameterMap>
  </ViewAccessor>
  <ViewAccessor
    Name="ManagersVA"
    ViewObjectName="oracle.summitdi.model.queries.readonly.WarehouseManagers"
    RowLevelBinds="true"/>
  <ViewAccessor
    Name="RegionsVA"
    ViewObjectName="oracle.summitdi.model.queries.readonly.Regions"
    RowLevelBinds="true"/>
  <ListBinding
    Name="CountriesLOV"
    ListVOName="CountriesVA"
    ListRangeSize="-1"
    NullValueFlag="none"
    MRUCount="0">
    <AttrArray Name="AttrNames">
      <Item Value="CountryId"/>
    </AttrArray>
    <AttrArray Name="AttrExpressions"/>
    <AttrArray Name="ListAttrNames">
      <Item Value="Id"/>
    </AttrArray>
    <AttrArray Name="ListDisplayAttrNames">
      <Item Value="Country"/>
    </AttrArray>
    <DisplayCriteria/>
  </ListBinding>
  <ListBinding
    Name="ManagersLOV"
    ListVOName="ManagersVA"
    ListRangeSize="-1"
    NullValueFlag="none"
    MRUCount="0">
    <AttrArray Name="AttrNames">
      <Item Value="ManagerId"/>
    </AttrArray>
    <AttrArray Name="AttrExpressions"/>
    <AttrArray Name="ListAttrNames">
      <Item Value="Id"/>
    </AttrArray>
    <AttrArray Name="ListDisplayAttrNames">
      <Item Value="FullName"/>
    </AttrArray>
    <DisplayCriteria/>
  </ListBinding>
  <ListBinding
    Name="RegionIdLOV"
    ListVOName="RegionsVA"
    ListRangeSize="-1"
    NullValueFlag="none"
    MRUCount="0">
    <AttrArray Name="AttrNames">
      <Item Value="RegionId"/>
    </AttrArray>
    <AttrArray Name="AttrExpressions"/>
    <AttrArray Name="ListAttrNames">
      <Item Value="Id"/>
    </AttrArray>
    <AttrArray Name="ListDisplayAttrNames">
      <Item Value="RegionName"/>
    </AttrArray>
    <DisplayCriteria/>
  </ListBinding>
  <EntityUsage
    Name="Warehouse"
    Entity="oracle.summitdi.model.entities.Warehouse"/>
  <EntityUsage
    Name="Countries"
    Entity="oracle.summitdi.model.entities.Countries"
    DeleteParticipant="false"
    ReadOnly="true"
    Reference="true"
    Association="oracle.summitdi.model.entities.associations.WarehouseCountries"
    AssociationEnd="oracle.summitdi.model.entities.associations.WarehouseCountries.Countries"
    SourceUsage="oracle.summitdi.model.queries.WarehouseView.Warehouse"
    JoinType="LEFT OUTER JOIN">
    <DesignTime>
      <AttrArray Name="_srcAttributes">
        <Item Value="oracle.summitdi.model.entities.Warehouse.CountryId"/>
      </AttrArray>
      <AttrArray Name="_dstAttributes">
        <Item Value="oracle.summitdi.model.entities.Countries.Id"/>
      </AttrArray>
    </DesignTime>
  </EntityUsage>
  <ViewAttribute
    Name="Id"
    IsNotNull="true"
    PrecisionRule="true"
    EntityAttrName="Id"
    EntityUsage="Warehouse"
    AliasName="ID"
    IsUpdateable="false">
    <Properties>
      <SchemaBasedProperties>
        <DISPLAYHINT
          Value="Display"/>
      </SchemaBasedProperties>
    </Properties>
  </ViewAttribute>
  <ViewAttribute
    Name="Address"
    PrecisionRule="true"
    EntityAttrName="Address"
    EntityUsage="Warehouse"
    AliasName="ADDRESS"/>
  <ViewAttribute
    Name="City"
    PrecisionRule="true"
    EntityAttrName="City"
    EntityUsage="Warehouse"
    AliasName="CITY"/>
  <ViewAttribute
    Name="State"
    PrecisionRule="true"
    EntityAttrName="State"
    EntityUsage="Warehouse"
    AliasName="STATE"/>
  <ViewAttribute
    Name="CountryId"
    PrecisionRule="true"
    EntityAttrName="CountryId"
    EntityUsage="Warehouse"
    AliasName="COUNTRY_ID"
    LOVName="CountriesLOV">
    <Properties>
      <SchemaBasedProperties>
        <CONTROLTYPE
          Value="choice"/>
      </SchemaBasedProperties>
    </Properties>
    <Dependencies>
      <Item
        Value="RegionId"/>
    </Dependencies>
  </ViewAttribute>
  <ViewAttribute
    Name="ZipCode"
    PrecisionRule="true"
    EntityAttrName="ZipCode"
    EntityUsage="Warehouse"
    AliasName="ZIP_CODE">
    <Properties>
      <SchemaBasedProperties>
        <TOOLTIP
          ResId="oracle.summitdi.model.general.validation.zipcode"/>
      </SchemaBasedProperties>
    </Properties>
  </ViewAttribute>
  <ViewAttribute
    Name="Phone"
    PrecisionRule="true"
    EntityAttrName="Phone"
    EntityUsage="Warehouse"
    AliasName="PHONE">
  </ViewAttribute>
  <ViewAttribute
    Name="ManagerId"
    PrecisionRule="true"
    EntityAttrName="ManagerId"
    EntityUsage="Warehouse"
    AliasName="MANAGER_ID"
    LOVName="ManagersLOV">
    <Properties>
      <SchemaBasedProperties>
        <CONTROLTYPE
          Value="choice"/>
      </SchemaBasedProperties>
    </Properties>
  </ViewAttribute>
  <ViewAttribute
    Name="Country"
    IsUnique="true"
    PrecisionRule="true"
    EntityAttrName="Country"
    EntityUsage="Countries"
    AliasName="COUNTRY"/>
  <ViewAttribute
    Name="Id1"
    IsNotNull="true"
    PrecisionRule="true"
    EntityAttrName="Id"
    EntityUsage="Countries"
    AliasName="ID1">
    <Properties>
      <SchemaBasedProperties>
        <DISPLAYHINT
          Value="Hide"/>
      </SchemaBasedProperties>
    </Properties>
  </ViewAttribute>
  <ViewAttribute
    Name="RegionId1"
    PrecisionRule="true"
    EntityAttrName="RegionId"
    EntityUsage="Countries"
    AliasName="REGION_ID"/>
  <ViewAttribute
    Name="RegionId"
    IsPersistent="false"
    PrecisionRule="true"
    Type="java.lang.Integer"
    ColumnType="INTEGER"
    AliasName="TEMP_REGION_ID"
    SQLType="INTEGER"
    Expression="Countries.REGION_ID"
    Passivate="true"
    LOVName="RegionIdLOV">
    <Properties>
      <SchemaBasedProperties>
        <LABEL
          ResId="oracle.summitdi.model.queries.WarehouseView.RegionId_LABEL"/>
        <CONTROLTYPE
          Value="choice"/>
      </SchemaBasedProperties>
    </Properties>
  </ViewAttribute>
  <AttrArray Name="KeyAttributes">
    <Item Value="Id"/>
  </AttrArray>
  <ViewLinkAccessor
    Name="InventoryView1"
    ViewLink="oracle.summitdi.model.queries.links.InventoryWarehouseLink"
    Type="oracle.jbo.RowIterator"
    IsUpdateable="false"/>
  <ResourceBundle>
    <PropertiesBundle
      PropertiesFile="oracle.summitdi.model.resources.ModelBundle"/>
  </ResourceBundle>
</ViewObject>
