<?xml version="1.0" encoding="windows-1252" ?>
<!DOCTYPE AppModule SYSTEM "jbo_03_01.dtd">
<!---->
<AppModule
  xmlns="http://xmlns.oracle.com/bc4j"
  Name="HrAM"
  Version="11.1.2.62.76"
  ClearCacheOnRollback="true"
  ComponentClass="com.ras.demo.hr.HrAMImpl">
  <DesignTime>
    <Attr Name="_isCodegen" Value="true"/>
  </DesignTime>
  <Properties>
    <SchemaBasedProperties>
      <LABEL
        ResId="com.ras.demo.hr.HrAM_LABEL"/>
    </SchemaBasedProperties>
  </Properties>
  <ViewUsage
    Name="Employees1"
    ViewObjectName="com.ras.demo.hr.Employees"/>
  <ResourceBundle>
    <PropertiesBundle
      PropertiesFile="com.pof.demo.model.ModelBundle"/>
  </ResourceBundle>
</AppModule>
