<?xml version="1.0" encoding="windows-1252" ?>
<!DOCTYPE ViewObject SYSTEM "jbo_03_01.dtd">
<!---->
<ViewObject
  xmlns="http://xmlns.oracle.com/bc4j"
  Name="CustomersInTx"
  Version="12.1.2.65.61"
  InheritPersonalization="merge"
  BindingStyle="OracleName"
  CustomQuery="true"
  RowClass="oracle.summit.base.SummitViewRowImpl"
  ComponentClass="oracle.summit.base.SummitViewObjectImpl"
  PageIterMode="Full">
  <DesignTime>
    <Attr Name="_isExpertMode" Value="true"/>
  </DesignTime>
  <Properties>
    <SchemaBasedProperties>
      <LABEL
        ResId="oracle.summit.model.inMemoryOperations.CustomersInTx_LABEL"/>
    </SchemaBasedProperties>
  </Properties>
  <SQLQuery><![CDATA[SELECT   
    S_CUSTOMER.ID ID,   
    S_CUSTOMER.NAME NAME,   
    S_CUSTOMER.PHONE PHONE,   
    S_CUSTOMER.ADDRESS ADDRESS,   
    S_CUSTOMER.CITY CITY,   
    S_CUSTOMER.STATE STATE,   
    S_CUSTOMER.ZIP_CODE ZIP_CODE,   
    S_CUSTOMER.CREDIT_RATING_ID CREDIT_RATING_ID   
FROM   
    S_CUSTOMER   
WHERE   
    S_CUSTOMER.STATE = 'TX']]></SQLQuery>
  <ViewAttribute
    Name="Id"
    IsUpdateable="false"
    IsPersistent="false"
    PrecisionRule="true"
    Type="java.lang.Integer"
    ColumnType="INTEGER"
    AliasName="ID"
    Expression="ID"
    SQLType="NUMERIC"/>
  <ViewAttribute
    Name="Name"
    IsUpdateable="false"
    IsPersistent="false"
    PrecisionRule="true"
    Precision="50"
    Type="java.lang.String"
    ColumnType="VARCHAR2"
    AliasName="NAME"
    Expression="NAME"
    SQLType="VARCHAR">
    <DesignTime>
      <Attr Name="_DisplaySize" Value="50"/>
    </DesignTime>
  </ViewAttribute>
  <ViewAttribute
    Name="Phone"
    IsUpdateable="false"
    IsPersistent="false"
    PrecisionRule="true"
    Precision="25"
    Type="java.lang.String"
    ColumnType="VARCHAR2"
    AliasName="PHONE"
    Expression="PHONE"
    SQLType="VARCHAR">
    <DesignTime>
      <Attr Name="_DisplaySize" Value="25"/>
    </DesignTime>
  </ViewAttribute>
  <ViewAttribute
    Name="Address"
    IsUpdateable="false"
    IsPersistent="false"
    PrecisionRule="true"
    Precision="400"
    Type="java.lang.String"
    ColumnType="VARCHAR2"
    AliasName="ADDRESS"
    Expression="ADDRESS"
    SQLType="VARCHAR">
    <DesignTime>
      <Attr Name="_DisplaySize" Value="400"/>
    </DesignTime>
  </ViewAttribute>
  <ViewAttribute
    Name="City"
    IsUpdateable="false"
    IsPersistent="false"
    PrecisionRule="true"
    Precision="30"
    Type="java.lang.String"
    ColumnType="VARCHAR2"
    AliasName="CITY"
    Expression="CITY"
    SQLType="VARCHAR">
    <DesignTime>
      <Attr Name="_DisplaySize" Value="30"/>
    </DesignTime>
  </ViewAttribute>
  <ViewAttribute
    Name="State"
    IsUpdateable="false"
    IsPersistent="false"
    PrecisionRule="true"
    Precision="20"
    Type="java.lang.String"
    ColumnType="VARCHAR2"
    AliasName="STATE"
    Expression="STATE"
    SQLType="VARCHAR">
    <DesignTime>
      <Attr Name="_DisplaySize" Value="20"/>
    </DesignTime>
  </ViewAttribute>
  <ViewAttribute
    Name="ZipCode"
    IsUpdateable="false"
    IsPersistent="false"
    PrecisionRule="true"
    Precision="75"
    Type="java.lang.String"
    ColumnType="VARCHAR2"
    AliasName="ZIP_CODE"
    Expression="ZIP_CODE"
    SQLType="VARCHAR">
    <DesignTime>
      <Attr Name="_DisplaySize" Value="75"/>
    </DesignTime>
  </ViewAttribute>
  <ViewAttribute
    Name="CreditRatingId"
    IsUpdateable="false"
    IsPersistent="false"
    PrecisionRule="true"
    Precision="7"
    Scale="0"
    Type="java.lang.Integer"
    ColumnType="NUMBER"
    AliasName="CREDIT_RATING_ID"
    Expression="CREDIT_RATING_ID"
    SQLType="NUMERIC"/>
  <AttrArray Name="KeyAttributes">
    <Item Value="Id"/>
  </AttrArray>
  <ResourceBundle>
    <PropertiesBundle
      PropertiesFile="oracle.summit.model.ModelBundle"/>
  </ResourceBundle>
</ViewObject>
