<?xml version="1.0" encoding="windows-1252" ?>
<!DOCTYPE ViewObject SYSTEM "jbo_03_01.dtd">
<!---->
<ViewObject
  xmlns="http://xmlns.oracle.com/bc4j"
  Name="CustomerList"
  Version="12.1.2.65.61"
  InheritPersonalization="merge"
  BindingStyle="OracleName"
  CustomQuery="true"
  RowClass="oracle.summit.base.SummitViewRowImpl"
  ComponentClass="oracle.summit.base.SummitViewObjectImpl"
  PageIterMode="Full">
  <DesignTime>
    <Attr Name="_isExpertMode" Value="true"/>
  </DesignTime>
  <Properties>
    <SchemaBasedProperties>
      <LABEL
        ResId="oracle.summit.model.inMemoryOperations.CustomerList_LABEL"/>
    </SchemaBasedProperties>
  </Properties>
  <SQLQuery><![CDATA[SELECT  
    S_CUSTOMER.NAME NAME,  
    S_CUSTOMER.CITY CITY  
FROM  
    S_CUSTOMER]]></SQLQuery>
  <ViewAttribute
    Name="Name"
    IsUpdateable="false"
    IsPersistent="false"
    PrecisionRule="true"
    Type="java.lang.String"
    ColumnType="CHAR"
    AliasName="NAME"
    Expression="NAME"
    SQLType="VARCHAR">
    <DesignTime>
      <Attr Name="_DisplaySize" Value="50"/>
    </DesignTime>
  </ViewAttribute>
  <ViewAttribute
    Name="City"
    IsUpdateable="false"
    IsPersistent="false"
    PrecisionRule="true"
    Precision="30"
    Type="java.lang.String"
    ColumnType="VARCHAR2"
    AliasName="CITY"
    Expression="CITY"
    SQLType="VARCHAR">
    <DesignTime>
      <Attr Name="_DisplaySize" Value="30"/>
    </DesignTime>
  </ViewAttribute>
  <ViewAttribute
    Name="Selected"
    IsSelected="false"
    IsPersistent="false"
    PrecisionRule="true"
    Type="java.lang.Boolean"
    ColumnType="BIT"
    AliasName="VIEW_ATTR"
    SQLType="BIT"
    IsQueriable="false"/>
  <ResourceBundle>
    <PropertiesBundle
      PropertiesFile="oracle.summit.model.ModelBundle"/>
  </ResourceBundle>
</ViewObject>
