<?xml version="1.0" encoding="windows-1252" ?>
<!DOCTYPE Entity SYSTEM "jbo_03_01.dtd">
<!---->
<Entity
  xmlns="http://xmlns.oracle.com/bc4j"
  Name="Products"
  Version="12.1.2.65.61"
  InheritPersonalization="merge"
  DBObjectType="table"
  DBObjectName="S_PRODUCT"
  AliasName="Products"
  BindingStyle="OracleName"
  RowClass="oracle.summit.base.SummitEntityImpl">
  <Attribute
    Name="Id"
    IsNotNull="true"
    Precision="7"
    Scale="0"
    ColumnName="ID"
    SQLType="NUMERIC"
    Type="java.lang.Integer"
    ColumnType="NUMBER"
    TableName="S_PRODUCT"
    PrimaryKey="true"/>
  <Attribute
    Name="Name"
    IsUnique="true"
    IsNotNull="true"
    Precision="50"
    ColumnName="NAME"
    SQLType="VARCHAR"
    Type="java.lang.String"
    ColumnType="VARCHAR2"
    TableName="S_PRODUCT">
    <DesignTime>
      <Attr Name="_DisplaySize" Value="50"/>
    </DesignTime>
  </Attribute>
  <Attribute
    Name="ShortDesc"
    Precision="255"
    ColumnName="SHORT_DESC"
    SQLType="VARCHAR"
    Type="java.lang.String"
    ColumnType="VARCHAR2"
    TableName="S_PRODUCT">
    <DesignTime>
      <Attr Name="_DisplaySize" Value="255"/>
    </DesignTime>
  </Attribute>
  <Attribute
    Name="LongtextId"
    Precision="7"
    Scale="0"
    ColumnName="LONGTEXT_ID"
    SQLType="NUMERIC"
    Type="java.lang.Integer"
    ColumnType="NUMBER"
    TableName="S_PRODUCT"/>
  <Attribute
    Name="ImageId"
    Precision="7"
    Scale="0"
    ColumnName="IMAGE_ID"
    SQLType="NUMERIC"
    Type="java.lang.Integer"
    ColumnType="NUMBER"
    TableName="S_PRODUCT"/>
  <Attribute
    Name="CategoryId"
    Precision="7"
    Scale="0"
    ColumnName="CATEGORY_ID"
    SQLType="NUMERIC"
    Type="java.lang.Integer"
    ColumnType="NUMBER"
    TableName="S_PRODUCT"/>
  <Attribute
    Name="SuggestedWhlslPrice"
    Precision="11"
    Scale="2"
    ColumnName="SUGGESTED_WHLSL_PRICE"
    SQLType="NUMERIC"
    Type="java.math.BigDecimal"
    ColumnType="NUMBER"
    TableName="S_PRODUCT"/>
  <Attribute
    Name="WhlslUnits"
    Precision="25"
    ColumnName="WHLSL_UNITS"
    SQLType="VARCHAR"
    Type="java.lang.String"
    ColumnType="VARCHAR2"
    TableName="S_PRODUCT">
    <DesignTime>
      <Attr Name="_DisplaySize" Value="25"/>
    </DesignTime>
  </Attribute>
  <Key
    Name="SProductIdPk"
    PrimaryKey="true">
    <DesignTime>
      <Attr Name="_DBObjectName" Value="S_PRODUCT_ID_PK"/>
    </DesignTime>
    <AttrArray Name="Attributes">
      <Item Value="oracle.summit.model.inMemoryOperations.Products.Id"/>
    </AttrArray>
  </Key>
  <Key
    Name="SProductNameUk">
    <DesignTime>
      <Attr Name="_isUnique" Value="true"/>
      <Attr Name="_DBObjectName" Value="S_PRODUCT_NAME_UK"/>
    </DesignTime>
    <AttrArray Name="Attributes">
      <Item Value="oracle.summit.model.inMemoryOperations.Products.Name"/>
    </AttrArray>
  </Key>
  <Key
    Name="SProductCategoryIdFk">
    <DesignTime>
      <Attr Name="_referencedKey" Value="PRODUCT_CATEGORIES_PK"/>
      <Attr Name="_isForeign" Value="true"/>
      <Attr Name="_DBObjectName" Value="S_PRODUCT_CATEGORY_ID_FK"/>
    </DesignTime>
    <AttrArray Name="Attributes">
      <Item Value="oracle.summit.model.inMemoryOperations.Products.CategoryId"/>
    </AttrArray>
  </Key>
  <Key
    Name="SProductImageIdFk">
    <DesignTime>
      <Attr Name="_referencedKey" Value="S_IMAGE_ID_PK"/>
      <Attr Name="_isForeign" Value="true"/>
      <Attr Name="_DBObjectName" Value="S_PRODUCT_IMAGE_ID_FK"/>
    </DesignTime>
    <AttrArray Name="Attributes">
      <Item Value="oracle.summit.model.inMemoryOperations.Products.ImageId"/>
    </AttrArray>
  </Key>
  <Key
    Name="SProductLongtextIdFk">
    <DesignTime>
      <Attr Name="_referencedKey" Value="S_LONGTEXT_ID_PK"/>
      <Attr Name="_isForeign" Value="true"/>
      <Attr Name="_DBObjectName" Value="S_PRODUCT_LONGTEXT_ID_FK"/>
    </DesignTime>
    <AttrArray Name="Attributes">
      <Item Value="oracle.summit.model.inMemoryOperations.Products.LongtextId"/>
    </AttrArray>
  </Key>
</Entity>
