<?xml version="1.0" encoding="windows-1252" ?>
<!DOCTYPE Association SYSTEM "jbo_03_01.dtd">
<!---->
<Association
  xmlns="http://xmlns.oracle.com/bc4j"
  Name="CountriesFkAssoc"
  Version="12.2.1.18.31"
  InheritPersonalization="merge">
  <DesignTime>
    <Attr Name="_isCodegen" Value="true"/>
  </DesignTime>
  <AssociationEnd
    Name="Regions"
    Cardinality="1"
    Source="true"
    Owner="oracle.summitdi.model.entities.Regions"
    LockLevel="NONE">
    <DesignTime>
      <Attr Name="_aggregation" Value="0"/>
      <Attr Name="_finderName" Value="Regions"/>
      <Attr Name="_foreignKey" Value="oracle.summitdi.model.entities.Regions.SRegionIdPk"/>
      <Attr Name="_isUpdateable" Value="true"/>
    </DesignTime>
    <AttrArray Name="Attributes">
      <Item Value="oracle.summitdi.model.entities.Regions.Id"/>
    </AttrArray>
  </AssociationEnd>
  <AssociationEnd
    Name="Countries"
    Cardinality="-1"
    Owner="oracle.summitdi.model.entities.Countries">
    <DesignTime>
      <Attr Name="_aggregation" Value="0"/>
      <Attr Name="_finderName" Value="Countries"/>
      <Attr Name="_foreignKey" Value="oracle.summitdi.model.entities.Countries.SCountriesFk"/>
      <Attr Name="_isUpdateable" Value="true"/>
    </DesignTime>
    <AttrArray Name="Attributes">
      <Item Value="oracle.summitdi.model.entities.Countries.RegionId"/>
    </AttrArray>
  </AssociationEnd>
</Association>
