<?xml version="1.0" encoding="windows-1252" ?>
<!DOCTYPE Association SYSTEM "jbo_03_01.dtd">
<!---->
<Association
  xmlns="http://xmlns.oracle.com/bc4j"
  Name="CustomerCreditRatingAssoc"
  Version="12.2.1.22.31"
  InheritPersonalization="merge">
  <DesignTime>
    <Attr Name="_isCodegen" Value="true"/>
  </DesignTime>
  <AssociationEnd
    Name="CreditRating"
    Cardinality="1"
    Source="true"
    Owner="oracle.summitdi.model.entities.CreditRating">
    <DesignTime>
      <Attr Name="_isUpdateable" Value="true"/>
      <Attr Name="_aggregation" Value="0"/>
      <Attr Name="_finderName" Value="CreditRating"/>
      <Attr Name="_foreignKey" Value="oracle.summitdi.model.entities.CreditRating.SCreditRatingPk"/>
    </DesignTime>
    <AttrArray Name="Attributes">
      <Item Value="oracle.summitdi.model.entities.CreditRating.Id"/>
    </AttrArray>
  </AssociationEnd>
  <AssociationEnd
    Name="Customers"
    Cardinality="-1"
    Owner="oracle.summitdi.model.entities.Customers">
    <DesignTime>
      <Attr Name="_isUpdateable" Value="true"/>
      <Attr Name="_aggregation" Value="0"/>
      <Attr Name="_finderName" Value="Customers"/>
      <Attr Name="_foreignKey" Value="oracle.summitdi.model.entities.Customers.SCustomerCreditRatingFk"/>
    </DesignTime>
    <AttrArray Name="Attributes">
      <Item Value="oracle.summitdi.model.entities.Customers.CreditRatingId"/>
    </AttrArray>
  </AssociationEnd>
</Association>
