<?xml version="1.0" encoding="windows-1252" ?>
<!DOCTYPE Association SYSTEM "jbo_03_01.dtd">
<!---->
<Association
  xmlns="http://xmlns.oracle.com/bc4j"
  Name="WarehouseCountries"
  Version="11.1.1.63.3"
  InheritPersonalization="true">
  <DesignTime>
    <Attr Name="_isCodegen" Value="true"/>
  </DesignTime>
  <AssociationEnd
    Name="Countries"
    Cardinality="1"
    Source="true"
    Owner="oracle.summitdi.model.entities.Countries"
    LockLevel="NONE">
    <DesignTime>
      <Attr Name="_aggregation" Value="0"/>
      <Attr Name="_finderName" Value="Countries"/>
      <Attr Name="_isUpdateable" Value="true"/>
    </DesignTime>
    <AttrArray Name="Attributes">
      <Item Value="oracle.summitdi.model.entities.Countries.Id"/>
    </AttrArray>
  </AssociationEnd>
  <AssociationEnd
    Name="Warehouse"
    Cardinality="-1"
    Owner="oracle.summitdi.model.entities.Warehouse">
    <DesignTime>
      <Attr Name="_aggregation" Value="0"/>
      <Attr Name="_finderName" Value="Warehouse"/>
      <Attr Name="_isUpdateable" Value="true"/>
    </DesignTime>
    <AttrArray Name="Attributes">
      <Item Value="oracle.summitdi.model.entities.Warehouse.CountryId"/>
    </AttrArray>
  </AssociationEnd>
</Association>
