<?xml version="1.0" encoding="windows-1252" ?>
<!DOCTYPE Entity SYSTEM "jbo_03_01.dtd">
<!---->
<Entity
  xmlns="http://xmlns.oracle.com/bc4j"
  Name="Orders_FilledOrderGroup_Y"
  Version="12.1.2.66.11"
  Extends="oracle.summit.model.buslogic.Orders"
  InheritPersonalization="merge"
  DBObjectType="table"
  DBObjectName="S_ORD"
  BindingStyle="OracleName"
  BusLogicGroupName="FilledOrderGroup"
  BusLogicUnitName="Y">
  <Attribute
    Name="Total"
    Precision="11"
    Scale="2"
    ColumnName="TOTAL"
    SQLType="NUMERIC"
    Type="java.math.BigDecimal"
    ColumnType="NUMBER"
    TableName="S_ORD">
    <DesignTime>
      <Attr Name="_OverrideAttr" Value="true"/>
    </DesignTime>
    <Properties>
      <SchemaBasedProperties>
        <LABEL
          ResId="oracle.summit.model.buslogic.Orders_FilledOrderGroup_Y.Total_LABEL"/>
      </SchemaBasedProperties>
    </Properties>
  </Attribute>
  <ResourceBundle>
    <PropertiesBundle
      PropertiesFile="oracle.summit.model.ModelBundle"/>
  </ResourceBundle>
</Entity>
