<?xml version="1.0" encoding="windows-1252" ?>
<!DOCTYPE Association SYSTEM "jbo_03_01.dtd">
<!---->
<Association
  xmlns="http://xmlns.oracle.com/bc4j"
  Name="SItemOrdIdFkAssoc"
  Version="12.1.2.66.11"
  InheritPersonalization="merge">
  <DesignTime>
    <Attr Name="_isCodegen" Value="true"/>
  </DesignTime>
  <AssociationEnd
    Name="Orders"
    Cardinality="1"
    Source="true"
    Owner="oracle.summit.model.buslogic.Orders">
    <DesignTime>
      <Attr Name="_aggregation" Value="0"/>
      <Attr Name="_finderName" Value="Orders"/>
      <Attr Name="_foreignKey" Value="oracle.summit.model.buslogic.Orders.SOrdIdPk"/>
      <Attr Name="_isUpdateable" Value="true"/>
      <Attr Name="_minCardinality" Value="1"/>
    </DesignTime>
    <AttrArray Name="Attributes">
      <Item Value="oracle.summit.model.buslogic.Orders.Id"/>
    </AttrArray>
  </AssociationEnd>
  <AssociationEnd
    Name="Item"
    Cardinality="-1"
    Owner="oracle.summit.model.buslogic.Item">
    <DesignTime>
      <Attr Name="_aggregation" Value="0"/>
      <Attr Name="_finderName" Value="Item"/>
      <Attr Name="_foreignKey" Value="oracle.summit.model.buslogic.Item.SItemOrdIdFk"/>
      <Attr Name="_isUpdateable" Value="true"/>
    </DesignTime>
    <AttrArray Name="Attributes">
      <Item Value="oracle.summit.model.buslogic.Item.OrdId"/>
    </AttrArray>
  </AssociationEnd>
</Association>
