<?xml version="1.0" encoding="windows-1252" ?>
<!DOCTYPE Entity SYSTEM "jbo_03_01.dtd">
<!---->
<Entity
  xmlns="http://xmlns.oracle.com/bc4j"
  Name="ImageEO"
  Version="12.1.3.9.1"
  DBObjectType="table"
  DBObjectName="S_IMAGE"
  AliasName="ImageEO"
  BindingStyle="OracleName"
  RowClass="oracle.summit.base.SummitEntityImpl"
  DefClass="oracle.summit.base.SummitEntityDefImpl">
  <Attribute
    Name="Id"
    IsNotNull="true"
    Precision="7"
    Scale="0"
    ColumnName="ID"
    SQLType="NUMERIC"
    Type="oracle.jbo.domain.Number"
    ColumnType="NUMBER"
    TableName="S_IMAGE"
    PrimaryKey="true">
    <DesignTime>
      <Attr Name="_DisplaySize" Value="22"/>
    </DesignTime>
  </Attribute>
  <Attribute
    Name="Format"
    Precision="25"
    ColumnName="FORMAT"
    SQLType="VARCHAR"
    Type="java.lang.String"
    ColumnType="VARCHAR2"
    TableName="S_IMAGE">
    <DesignTime>
      <Attr Name="_DisplaySize" Value="25"/>
    </DesignTime>
  </Attribute>
  <Attribute
    Name="UseFilename"
    Precision="1"
    ColumnName="USE_FILENAME"
    SQLType="VARCHAR"
    Type="java.lang.String"
    ColumnType="VARCHAR2"
    TableName="S_IMAGE">
    <DesignTime>
      <Attr Name="_DisplaySize" Value="1"/>
    </DesignTime>
  </Attribute>
  <Attribute
    Name="Filename"
    Precision="255"
    ColumnName="FILENAME"
    SQLType="VARCHAR"
    Type="java.lang.String"
    ColumnType="VARCHAR2"
    TableName="S_IMAGE">
    <DesignTime>
      <Attr Name="_DisplaySize" Value="255"/>
    </DesignTime>
  </Attribute>
  <Attribute
    Name="Image"
    IsQueriable="false"
    ColumnName="IMAGE"
    SQLType="BLOB"
    Type="java.sql.Blob"
    ColumnType="BLOB"
    TableName="S_IMAGE"/>
  <AccessorAttribute
    Name="ProductEO"
    Association="oracle.summit.model.entities.assoc.SProductImageIdFkAssoc"
    AssociationEnd="oracle.summit.model.entities.assoc.SProductImageIdFkAssoc.ProductEO"
    AssociationOtherEnd="oracle.summit.model.entities.assoc.SProductImageIdFkAssoc.ImageEO"
    Type="oracle.jbo.RowIterator"
    IsUpdateable="false"/>
  <Key
    Name="SImageFormatCk">
    <DesignTime>
      <Attr Name="_DBObjectName" Value="S_IMAGE_FORMAT_CK"/>
      <Attr Name="_checkCondition" Value="FORMAT IN ('JPG', 'JTIFF')"/>
      <Attr Name="_isCheck" Value="true"/>
    </DesignTime>
    <AttrArray Name="Attributes">
      <Item Value="oracle.summit.model.entities.ImageEO.Format"/>
    </AttrArray>
  </Key>
  <Key
    Name="SImageIdNn">
    <DesignTime>
      <Attr Name="_DBObjectName" Value="S_IMAGE_ID_NN"/>
      <Attr Name="_checkCondition" Value="ID IS NOT NULL"/>
      <Attr Name="_isCheck" Value="true"/>
    </DesignTime>
    <AttrArray Name="Attributes">
      <Item Value="oracle.summit.model.entities.ImageEO.Id"/>
    </AttrArray>
  </Key>
  <Key
    Name="SImageIdPk"
    PrimaryKey="true">
    <DesignTime>
      <Attr Name="_DBObjectName" Value="S_IMAGE_ID_PK"/>
    </DesignTime>
    <AttrArray Name="Attributes">
      <Item Value="oracle.summit.model.entities.ImageEO.Id"/>
    </AttrArray>
  </Key>
  <Key
    Name="SImageUseFilenameCk">
    <DesignTime>
      <Attr Name="_DBObjectName" Value="S_IMAGE_USE_FILENAME_CK"/>
      <Attr Name="_checkCondition" Value="USE_FILENAME IN ('Y', 'N')"/>
      <Attr Name="_isCheck" Value="true"/>
    </DesignTime>
    <AttrArray Name="Attributes">
      <Item Value="oracle.summit.model.entities.ImageEO.UseFilename"/>
    </AttrArray>
  </Key>
</Entity>
