<?xml version="1.0" encoding="windows-1252" ?>
<!DOCTYPE Entity SYSTEM "jbo_03_01.dtd">
<!---->
<Entity
  xmlns="http://xmlns.oracle.com/bc4j"
  Name="LongtextEO"
  Version="12.1.2.64.15"
  DBObjectType="table"
  DBObjectName="S_LONGTEXT"
  AliasName="LongtextEO"
  BindingStyle="OracleName"
  RowClass="oracle.summit.base.SummitEntityImpl"
  DefClass="oracle.summit.base.SummitEntityDefImpl">
  <Attribute
    Name="Id"
    IsNotNull="true"
    Precision="7"
    Scale="0"
    ColumnName="ID"
    SQLType="NUMERIC"
    Type="oracle.jbo.domain.Number"
    ColumnType="NUMBER"
    TableName="S_LONGTEXT"
    PrimaryKey="true">
    <DesignTime>
      <Attr Name="_DisplaySize" Value="22"/>
    </DesignTime>
  </Attribute>
  <Attribute
    Name="UseFilename"
    Precision="1"
    ColumnName="USE_FILENAME"
    SQLType="VARCHAR"
    Type="java.lang.String"
    ColumnType="VARCHAR2"
    TableName="S_LONGTEXT">
    <DesignTime>
      <Attr Name="_DisplaySize" Value="1"/>
    </DesignTime>
  </Attribute>
  <Attribute
    Name="Filename"
    Precision="255"
    ColumnName="FILENAME"
    SQLType="VARCHAR"
    Type="java.lang.String"
    ColumnType="VARCHAR2"
    TableName="S_LONGTEXT">
    <DesignTime>
      <Attr Name="_DisplaySize" Value="255"/>
    </DesignTime>
  </Attribute>
  <Attribute
    Name="Text"
    Precision="2000"
    ColumnName="TEXT"
    SQLType="VARCHAR"
    Type="java.lang.String"
    ColumnType="VARCHAR2"
    TableName="S_LONGTEXT">
    <DesignTime>
      <Attr Name="_DisplaySize" Value="2000"/>
    </DesignTime>
  </Attribute>
  <AccessorAttribute
    Name="ProductEO"
    Association="oracle.summit.model.entities.assoc.SProductLongtextIdFkAssoc"
    AssociationEnd="oracle.summit.model.entities.assoc.SProductLongtextIdFkAssoc.ProductEO"
    AssociationOtherEnd="oracle.summit.model.entities.assoc.SProductLongtextIdFkAssoc.LongtextEO"
    Type="oracle.jbo.RowIterator"
    IsUpdateable="false"/>
  <Key
    Name="SLongtextIdNn">
    <DesignTime>
      <Attr Name="_DBObjectName" Value="S_LONGTEXT_ID_NN"/>
      <Attr Name="_checkCondition" Value="ID IS NOT NULL"/>
      <Attr Name="_isCheck" Value="true"/>
    </DesignTime>
    <AttrArray Name="Attributes">
      <Item Value="oracle.summit.model.entities.LongtextEO.Id"/>
    </AttrArray>
  </Key>
  <Key
    Name="SLongtextIdPk"
    PrimaryKey="true">
    <DesignTime>
      <Attr Name="_DBObjectName" Value="S_LONGTEXT_ID_PK"/>
    </DesignTime>
    <AttrArray Name="Attributes">
      <Item Value="oracle.summit.model.entities.LongtextEO.Id"/>
    </AttrArray>
  </Key>
  <Key
    Name="SLongtextUseFilenameCk">
    <DesignTime>
      <Attr Name="_DBObjectName" Value="S_LONGTEXT_USE_FILENAME_CK"/>
      <Attr Name="_checkCondition" Value="USE_FILENAME IN ('Y', 'N')"/>
      <Attr Name="_isCheck" Value="true"/>
    </DesignTime>
    <AttrArray Name="Attributes">
      <Item Value="oracle.summit.model.entities.LongtextEO.UseFilename"/>
    </AttrArray>
  </Key>
</Entity>
