<?xml version="1.0" encoding="windows-1252" ?>
<!DOCTYPE Entity SYSTEM "jbo_03_01.dtd">
<!---->
<Entity
  xmlns="http://xmlns.oracle.com/bc4j"
  xmlns:validation="http://xmlns.oracle.com/adfm/validation"
  Name="OrdEO"
  Version="12.1.3.9.1"
  DBObjectType="table"
  DBObjectName="S_ORD"
  AliasName="OrdEO"
  BindingStyle="OracleName"
  RowClass="oracle.summit.model.entities.OrdEOImpl"
  DefClass="oracle.summit.base.SummitEntityDefImpl"
  InheritPersonalization="merge">
  <DesignTime>
    <Attr Name="_codeGenFlag2" Value="Access"/>
    <AttrArray Name="_publishEvents"/>
    <Attr Name="_isCodegen" Value="true"/>
  </DesignTime>
  <ViewAccessor
    Name="PaymentOptionsVA"
    ViewObjectName="oracle.summit.model.views.PaymentOptionVO"
    RowLevelBinds="true"/>
  <Attribute
    Name="Id"
    Precision="7"
    Scale="0"
    ColumnName="ID"
    SQLType="NUMERIC"
    Type="oracle.jbo.domain.DBSequence"
    ColumnType="NUMBER"
    TableName="S_ORD"
    PrimaryKey="true"
    IsUpdateable="false"
    RetrievedOnInsert="true"
    DefaultValue="@0"
    IsNotNull="true">
    <DesignTime>
      <Attr Name="_DisplaySize" Value="22"/>
    </DesignTime>
  </Attribute>
  <Attribute
    Name="CustomerId"
    IsNotNull="true"
    Precision="7"
    Scale="0"
    ColumnName="CUSTOMER_ID"
    SQLType="NUMERIC"
    Type="oracle.jbo.domain.Number"
    ColumnType="NUMBER"
    TableName="S_ORD">
    <DesignTime>
      <Attr Name="_DisplaySize" Value="22"/>
    </DesignTime>
    <validation:ExistsValidationBean
      Name="CustomerId_Rule_0"
      ResId="oracle.summit.model.entities.OrdEO.CustomerId_Rule_0"
      OperandType="EO"
      AssocName="oracle.summit.model.entities.assoc.SOrdCustomerIdFkAssoc"/>
  </Attribute>
  <Attribute
    Name="DateOrdered"
    ColumnName="DATE_ORDERED"
    SQLType="TIMESTAMP"
    Type="java.sql.Date"
    ColumnType="DATE"
    TableName="S_ORD">
    <DesignTime>
      <Attr Name="_DisplaySize" Value="7"/>
    </DesignTime>
    <TransientExpression><![CDATA[adf.currentDate]]></TransientExpression>
  </Attribute>
  <Attribute
    Name="DateShipped"
    ColumnName="DATE_SHIPPED"
    SQLType="TIMESTAMP"
    Type="java.sql.Date"
    ColumnType="DATE"
    TableName="S_ORD">
    <DesignTime>
      <Attr Name="_DisplaySize" Value="7"/>
    </DesignTime>
  </Attribute>
  <Attribute
    Name="SalesRepId"
    Precision="7"
    Scale="0"
    ColumnName="SALES_REP_ID"
    SQLType="NUMERIC"
    Type="oracle.jbo.domain.Number"
    ColumnType="NUMBER"
    TableName="S_ORD">
    <DesignTime>
      <Attr Name="_DisplaySize" Value="22"/>
    </DesignTime>
  </Attribute>
  <Attribute
    Name="Total"
    DefaultValue="0"
    Precision="11"
    Scale="2"
    ColumnName="TOTAL"
    SQLType="NUMERIC"
    Type="oracle.jbo.domain.Number"
    ColumnType="NUMBER"
    TableName="S_ORD">
    <DesignTime>
      <Attr Name="_DisplaySize" Value="22"/>
    </DesignTime>
  </Attribute>
  <Attribute
    Name="PaymentTypeId"
    DefaultValue="1"
    Precision="7"
    Scale="0"
    ColumnName="PAYMENT_TYPE_ID"
    SQLType="NUMERIC"
    Type="java.lang.Integer"
    ColumnType="NUMBER"
    TableName="S_ORD">
    <DesignTime>
      <Attr Name="_DisplaySize" Value="22"/>
    </DesignTime>
    <validation:ExpressionValidationBean
      Name="PaymentTypeId_Rule_0"
      OperandType="EXPR"
      Inverse="false">
      <validation:OnCondition
        Name="OnConditionExpr"><![CDATA[newValue != 1]]></validation:OnCondition>
      <validation:MsgIds>
        <validation:Item
          Value="errorId"/>
      </validation:MsgIds>
      <validation:TransientExpression><![CDATA[

cr = CustomerEO.CreditRatingId
ratings = [1, 2]
if (cr  in ratings)
{return true}
else
{return false}
      
      ]]></validation:TransientExpression>
    </validation:ExpressionValidationBean>
  </Attribute>
  <Attribute
    Name="OrderFilled"
    DefaultValue="N"
    Precision="1"
    ColumnName="ORDER_FILLED"
    SQLType="VARCHAR"
    Type="java.lang.String"
    ColumnType="VARCHAR2"
    TableName="S_ORD">
    <DesignTime>
      <Attr Name="_DisplaySize" Value="1"/>
    </DesignTime>
  </Attribute>
  <Attribute
    Name="PaymentOptionId"
    Precision="7"
    Scale="0"
    ColumnName="PAYMENT_OPTION_ID"
    SQLType="NUMERIC"
    Type="java.lang.Integer"
    ColumnType="NUMBER"
    TableName="S_ORD">
    <validation:ListValidationBean
      Name="PaymentOptionIdinPaymentOptionEO"
      ResId="oracle.summit.model.entities.OrdEO.PaymentOptionId_Rule_0"
      Description="Check the Payment Option is valid"
      OnAttribute="PaymentOptionId"
      OperandType="JBO"
      Inverse="false"
      ListValue="oracle.summit.model.views.PaymentOptionVO.Id"
      MessageFlavor="IGNORE_DETAILS">
      <validation:ResExpressions
        Name="PaymentOptionIdinPaymentOptionEO_ResExprList">
        <validation:Expression
          Name="paymentOptionIdList"><![CDATA[def paymentOptionIdList = []
while ( PaymentOptionsVA.hasNext() ) {
PaymentOptionsVA.next()
paymentOptionIdList.add(PaymentOptionsVA.currentRow.Id) }
return paymentOptionIdList]]></validation:Expression>
      </validation:ResExpressions>
    </validation:ListValidationBean>
  </Attribute>
  <AccessorAttribute
    Name="ItemEO"
    Association="oracle.summit.model.entities.assoc.SItemOrdIdFkAssoc"
    AssociationEnd="oracle.summit.model.entities.assoc.SItemOrdIdFkAssoc.ItemEO"
    AssociationOtherEnd="oracle.summit.model.entities.assoc.SItemOrdIdFkAssoc.OrdEO"
    Type="oracle.jbo.RowIterator"
    IsUpdateable="false"/>
  <AccessorAttribute
    Name="CustomerEO"
    Association="oracle.summit.model.entities.assoc.SOrdCustomerIdFkAssoc"
    AssociationEnd="oracle.summit.model.entities.assoc.SOrdCustomerIdFkAssoc.CustomerEO"
    AssociationOtherEnd="oracle.summit.model.entities.assoc.SOrdCustomerIdFkAssoc.OrdEO"
    Type="oracle.summit.base.SummitEntityImpl"
    IsUpdateable="true"/>
  <AccessorAttribute
    Name="EmpEO"
    Association="oracle.summit.model.entities.assoc.SOrdSalesRepIdFkAssoc"
    AssociationEnd="oracle.summit.model.entities.assoc.SOrdSalesRepIdFkAssoc.EmpEO"
    AssociationOtherEnd="oracle.summit.model.entities.assoc.SOrdSalesRepIdFkAssoc.OrdEO"
    Type="oracle.summit.base.SummitEntityImpl"
    IsUpdateable="true"/>
  <AccessorAttribute
    Name="PaymentTypeEO"
    Association="oracle.summit.model.entities.assoc.SOrdPaymentTypeIdFkAssoc"
    AssociationEnd="oracle.summit.model.entities.assoc.SOrdPaymentTypeIdFkAssoc.PaymentTypeEO"
    AssociationOtherEnd="oracle.summit.model.entities.assoc.SOrdPaymentTypeIdFkAssoc.OrdEO"
    Type="oracle.summit.base.SummitEntityImpl"
    IsUpdateable="true"/>
  <Key
    Name="SOrdCustomerIdNn">
    <DesignTime>
      <Attr Name="_DBObjectName" Value="S_ORD_CUSTOMER_ID_NN"/>
      <Attr Name="_checkCondition" Value="CUSTOMER_ID IS NOT NULL"/>
      <Attr Name="_isCheck" Value="true"/>
    </DesignTime>
    <AttrArray Name="Attributes"/>
  </Key>
  <Key
    Name="SOrdIdCheck">
    <DesignTime>
      <Attr Name="_isNotNull" Value="true"/>
      <Attr Name="_DBObjectName" Value="SORD_ID_CHECK"/>
      <Attr Name="_checkCondition" Value='"ID" IS NOT NULL'/>
      <Attr Name="_isCheck" Value="true"/>
    </DesignTime>
    <AttrArray Name="Attributes">
      <Item Value="oracle.summit.model.entities.OrdEO.Id"/>
    </AttrArray>
  </Key>
  <Key
    Name="SOrdIdNn">
    <DesignTime>
      <Attr Name="_DBObjectName" Value="S_ORD_ID_NN"/>
      <Attr Name="_checkCondition" Value="ID IS NOT NULL"/>
      <Attr Name="_isCheck" Value="true"/>
    </DesignTime>
    <AttrArray Name="Attributes"/>
  </Key>
  <Key
    Name="SOrdIdPk"
    PrimaryKey="true">
    <DesignTime>
      <Attr Name="_DBObjectName" Value="S_ORD_ID_PK"/>
    </DesignTime>
    <AttrArray Name="Attributes">
      <Item Value="oracle.summit.model.entities.OrdEO.Id"/>
    </AttrArray>
  </Key>
  <Key
    Name="SOrdOrderFilledCk">
    <DesignTime>
      <Attr Name="_DBObjectName" Value="S_ORD_ORDER_FILLED_CK"/>
      <Attr Name="_checkCondition" Value="ORDER_FILLED IN ('Y', 'N')"/>
      <Attr Name="_isCheck" Value="true"/>
    </DesignTime>
    <AttrArray Name="Attributes"/>
  </Key>
  <Key
    Name="SOrdCustomerIdFk">
    <DesignTime>
      <Attr Name="_referencedKey" Value="S_CUSTOMER_ID_PK"/>
      <Attr Name="_isForeign" Value="true"/>
      <Attr Name="_DBObjectName" Value="S_ORD_CUSTOMER_ID_FK"/>
    </DesignTime>
    <AttrArray Name="Attributes">
      <Item Value="oracle.summit.model.entities.OrdEO.CustomerId"/>
    </AttrArray>
  </Key>
  <Key
    Name="SOrdPaymentTypeFk">
    <DesignTime>
      <Attr Name="_referencedKey" Value="S_PAYMENT_TYPE_PK"/>
      <Attr Name="_isForeign" Value="true"/>
      <Attr Name="_DBObjectName" Value="S_ORD_PAYMENT_TYPE_FK"/>
    </DesignTime>
    <AttrArray Name="Attributes">
      <Item Value="oracle.summit.model.entities.OrdEO.PaymentTypeId"/>
    </AttrArray>
  </Key>
  <Key
    Name="SOrdSalesRepIdFk">
    <DesignTime>
      <Attr Name="_referencedKey" Value="S_EMP_ID_PK"/>
      <Attr Name="_isForeign" Value="true"/>
      <Attr Name="_DBObjectName" Value="S_ORD_SALES_REP_ID_FK"/>
    </DesignTime>
    <AttrArray Name="Attributes">
      <Item Value="oracle.summit.model.entities.OrdEO.SalesRepId"/>
    </AttrArray>
  </Key>
  <validation:CompareValidationBean
    Name="OrdEO_ShipDateAfterOrderDate"
    ResId="oracle.summit.model.entities.OrdEO_Rule_0"
    OnAttribute="DateShipped"
    OperandType="ATTR"
    Inverse="false"
    CompareType="GREATERTHANEQUALTO"
    CompareValue="DateOrdered">
    <validation:OnAttributes>
      <validation:Item
        Value="DateShipped"/>
      <validation:Item
        Value="DateOrdered"/>
    </validation:OnAttributes>
    <validation:ResExpressions
      Name="OrdEO_ShipDateAfterOrderDate_ResExprList">
      <validation:Expression
        Name="shipDate"><![CDATA[DateShipped]]></validation:Expression>
    </validation:ResExpressions>
  </validation:CompareValidationBean>
  <ResourceBundle>
    <PropertiesBundle
      PropertiesFile="oracle.summit.model.ModelBundle"/>
  </ResourceBundle>
</Entity>
