<?xml version="1.0" encoding="windows-1252" ?>
<!DOCTYPE Entity SYSTEM "jbo_03_01.dtd">
<!---->
<Entity
  xmlns="http://xmlns.oracle.com/bc4j"
  Name="PaymentOptionEO"
  Version="12.1.2.64.42"
  InheritPersonalization="merge"
  DBObjectType="table"
  DBObjectName="S_PAYMENT_OPTIONS"
  AliasName="PaymentOptionEO"
  BindingStyle="OracleName"
  RowClass="oracle.summit.base.SummitEntityImpl"
  DefClass="oracle.summit.base.SummitEntityDefImpl">
  <Attribute
    Name="Id"
    IsNotNull="true"
    Precision="7"
    Scale="0"
    ColumnName="ID"
    SQLType="NUMERIC"
    Type="java.lang.Integer"
    ColumnType="NUMBER"
    TableName="S_PAYMENT_OPTIONS"
    PrimaryKey="true"/>
  <Attribute
    Name="CustomerId"
    IsUnique="true"
    IsNotNull="true"
    Precision="7"
    Scale="0"
    ColumnName="CUSTOMER_ID"
    SQLType="NUMERIC"
    Type="java.lang.Integer"
    ColumnType="NUMBER"
    TableName="S_PAYMENT_OPTIONS"/>
  <Attribute
    Name="PaymentType"
    IsUnique="true"
    IsNotNull="true"
    Precision="30"
    ColumnName="PAYMENT_TYPE"
    SQLType="VARCHAR"
    Type="java.lang.String"
    ColumnType="VARCHAR2"
    TableName="S_PAYMENT_OPTIONS">
    <DesignTime>
      <Attr Name="_DisplaySize" Value="30"/>
    </DesignTime>
  </Attribute>
  <Attribute
    Name="AccountNumber"
    IsNotNull="true"
    Precision="19"
    Scale="0"
    ColumnName="ACCOUNT_NUMBER"
    SQLType="NUMERIC"
    Type="java.math.BigDecimal"
    ColumnType="NUMBER"
    TableName="S_PAYMENT_OPTIONS"/>
  <Attribute
    Name="CardType"
    Precision="30"
    ColumnName="CARD_TYPE"
    SQLType="VARCHAR"
    Type="java.lang.String"
    ColumnType="VARCHAR2"
    TableName="S_PAYMENT_OPTIONS">
    <DesignTime>
      <Attr Name="_DisplaySize" Value="30"/>
    </DesignTime>
  </Attribute>
  <Attribute
    Name="ExpireDate"
    ColumnName="EXPIRE_DATE"
    SQLType="DATE"
    Type="java.sql.Date"
    ColumnType="DATE"
    TableName="S_PAYMENT_OPTIONS"/>
  <Attribute
    Name="CheckDigits"
    Precision="4"
    Scale="0"
    ColumnName="CHECK_DIGITS"
    SQLType="NUMERIC"
    Type="java.lang.Integer"
    ColumnType="NUMBER"
    TableName="S_PAYMENT_OPTIONS"/>
  <Attribute
    Name="RoutingIdentifier"
    Precision="15"
    ColumnName="ROUTING_IDENTIFIER"
    SQLType="VARCHAR"
    Type="java.lang.String"
    ColumnType="VARCHAR2"
    TableName="S_PAYMENT_OPTIONS">
    <DesignTime>
      <Attr Name="_DisplaySize" Value="15"/>
    </DesignTime>
  </Attribute>
  <Attribute
    Name="InstitutionName"
    Precision="120"
    ColumnName="INSTITUTION_NAME"
    SQLType="VARCHAR"
    Type="java.lang.String"
    ColumnType="VARCHAR2"
    TableName="S_PAYMENT_OPTIONS">
    <DesignTime>
      <Attr Name="_DisplaySize" Value="120"/>
    </DesignTime>
  </Attribute>
  <AccessorAttribute
    Name="CustomerEO"
    Association="oracle.summit.model.entities.assoc.SPmtOptionsCustIdFkAssoc"
    AssociationEnd="oracle.summit.model.entities.assoc.SPmtOptionsCustIdFkAssoc.CustomerEO"
    AssociationOtherEnd="oracle.summit.model.entities.assoc.SPmtOptionsCustIdFkAssoc.PaymentOptionEO"
    Type="oracle.summit.model.entities.CustomerEOImpl"
    IsUpdateable="true"/>
  <Key
    Name="SPaymentOptionsPk"
    PrimaryKey="true">
    <DesignTime>
      <Attr Name="_DBObjectName" Value="S_PAYMENT_OPTIONS_PK"/>
    </DesignTime>
    <AttrArray Name="Attributes">
      <Item Value="oracle.summit.model.entities.PaymentOptionEO.Id"/>
    </AttrArray>
  </Key>
  <Key
    Name="SPaymentTypeCustomerIdUk">
    <DesignTime>
      <Attr Name="_isUnique" Value="true"/>
      <Attr Name="_DBObjectName" Value="S_PAYMENT_TYPE_CUSTOMER_ID_UK"/>
    </DesignTime>
    <AttrArray Name="Attributes">
      <Item Value="oracle.summit.model.entities.PaymentOptionEO.PaymentType"/>
      <Item Value="oracle.summit.model.entities.PaymentOptionEO.CustomerId"/>
    </AttrArray>
  </Key>
  <Key
    Name="SPmtOptionsCustIdFk">
    <DesignTime>
      <Attr Name="_referencedKey" Value="S_CUSTOMER_ID_PK"/>
      <Attr Name="_isForeign" Value="true"/>
      <Attr Name="_DBObjectName" Value="S_PMT_OPTIONS_CUST_ID_FK"/>
    </DesignTime>
    <AttrArray Name="Attributes">
      <Item Value="oracle.summit.model.entities.PaymentOptionEO.CustomerId"/>
    </AttrArray>
  </Key>
</Entity>
