<?xml version = '1.0' encoding = 'UTF-8'?>
<References xmlns="http://xmlns.oracle.com/adf/jndi">
   <Reference name="{/oracle/summit/model/services/common/}BackOfficeAppModuleService"
              className="oracle.jbo.client.svc.Service" xmlns="">
      <Factory className="oracle.jbo.client.svc.ServiceFactory"/>
      <RefAddresses>
         <StringRefAddr addrType="serviceInterfaceName">
            <Contents>oracle.summit.model.services.common.serviceinterface.BackOfficeAppModuleService</Contents>
         </StringRefAddr>
         <StringRefAddr addrType="serviceEndpointProvider">
            <Contents>ADFBC</Contents>
         </StringRefAddr>
         <StringRefAddr addrType="jndiName">
            <Contents>BackOfficeAppModuleServiceBean#oracle.summit.model.services.common.serviceinterface.BackOfficeAppModuleService</Contents>
         </StringRefAddr>
         <StringRefAddr addrType="serviceSchemaName">
            <Contents>BackOfficeAppModuleService.xsd</Contents>
         </StringRefAddr>
         <StringRefAddr addrType="serviceSchemaLocation">
            <Contents>oracle/summit/model/services/common/serviceinterface/</Contents>
         </StringRefAddr>
      </RefAddresses>
   </Reference>
   <Reference name="summit_adf" className="oracle.jdeveloper.db.adapter.DatabaseProvider"
              credentialStoreKey="summit_adf" xmlns="">
      <Factory className="oracle.jdevimpl.db.adapter.DatabaseProviderFactory1212"/>
      <RefAddresses>
         <StringRefAddr addrType="DeployPassword">
            <Contents>true</Contents>
         </StringRefAddr>
         <StringRefAddr addrType="oraDriverType">
            <Contents>thin</Contents>
         </StringRefAddr>
         <StringRefAddr addrType="hostname">
            <Contents>localhost</Contents>
         </StringRefAddr>
         <SecureRefAddr addrType="password"/>
         <StringRefAddr addrType="subtype">
            <Contents>oraJDBC</Contents>
         </StringRefAddr>
         <StringRefAddr addrType="port">
            <Contents>1521</Contents>
         </StringRefAddr>
         <StringRefAddr addrType="user">
            <Contents>c##summit_adf</Contents>
         </StringRefAddr>
         <StringRefAddr addrType="sid">
            <Contents>XE</Contents>
         </StringRefAddr>
      </RefAddresses>
   </Reference>
</References>