<?xml version="1.0" encoding="windows-1252" ?>
<!DOCTYPE Entity SYSTEM "jbo_03_01.dtd">
<!---->
<Entity
  xmlns="http://xmlns.oracle.com/bc4j"
  Name="DeptEO"
  Version="12.1.2.62.39"
  DBObjectType="table"
  DBObjectName="S_DEPT"
  AliasName="DeptEO"
  BindingStyle="OracleName"
  RowClass="oracle.summit.model.controlpostorder.DeptEOImpl">
  <DesignTime>
    <Attr Name="_codeGenFlag2" Value="Access"/>
    <AttrArray Name="_publishEvents"/>
    <Attr Name="_isCodegen" Value="true"/>
  </DesignTime>
  <Attribute
    Name="Id"
    Precision="7"
    Scale="0"
    ColumnName="ID"
    SQLType="NUMERIC"
    Type="oracle.jbo.domain.DBSequence"
    ColumnType="NUMBER"
    TableName="S_DEPT"
    PrimaryKey="true"
    RetrievedOnInsert="true"
    IsUpdateable="while_insert"
    DefaultValue="@0">
    <DesignTime>
      <Attr Name="_DisplaySize" Value="22"/>
    </DesignTime>
  </Attribute>
  <Attribute
    Name="Name"
    IsUnique="true"
    IsNotNull="true"
    Precision="25"
    ColumnName="NAME"
    SQLType="VARCHAR"
    Type="java.lang.String"
    ColumnType="VARCHAR2"
    TableName="S_DEPT">
    <DesignTime>
      <Attr Name="_DisplaySize" Value="25"/>
    </DesignTime>
  </Attribute>
  <Attribute
    Name="RegionId"
    IsUnique="true"
    Precision="7"
    Scale="0"
    ColumnName="REGION_ID"
    SQLType="NUMERIC"
    Type="oracle.jbo.domain.Number"
    ColumnType="NUMBER"
    TableName="S_DEPT">
    <DesignTime>
      <Attr Name="_DisplaySize" Value="22"/>
    </DesignTime>
  </Attribute>
  <AccessorAttribute
    Name="EmpEO"
    Association="oracle.summit.model.controlpostorder.SEmpDeptIdFkAssoc"
    AssociationEnd="oracle.summit.model.controlpostorder.SEmpDeptIdFkAssoc.EmpEO"
    AssociationOtherEnd="oracle.summit.model.controlpostorder.SEmpDeptIdFkAssoc.DeptEO"
    Type="oracle.jbo.RowIterator"
    IsUpdateable="false"/>
  <AccessorAttribute
    Name="RegionEO"
    Association="oracle.summit.model.entities.assoc.SDeptRegionIdFkAssoc"
    AssociationEnd="oracle.summit.model.entities.assoc.SDeptRegionIdFkAssoc.RegionEO"
    AssociationOtherEnd="oracle.summit.model.entities.assoc.SDeptRegionIdFkAssoc.DeptEO"
    Type="oracle.summit.base.SummitEntityImpl"
    IsUpdateable="true"/>
  <Key
    Name="SDeptIdNn">
    <DesignTime>
      <Attr Name="_DBObjectName" Value="S_DEPT_ID_NN"/>
      <Attr Name="_checkCondition" Value="ID IS NOT NULL"/>
      <Attr Name="_isCheck" Value="true"/>
    </DesignTime>
    <AttrArray Name="Attributes"/>
  </Key>
  <Key
    Name="SDeptIdPk"
    PrimaryKey="true">
    <DesignTime>
      <Attr Name="_DBObjectName" Value="S_DEPT_ID_PK"/>
    </DesignTime>
    <AttrArray Name="Attributes"/>
  </Key>
  <Key
    Name="SDeptNameNn">
    <DesignTime>
      <Attr Name="_DBObjectName" Value="S_DEPT_NAME_NN"/>
      <Attr Name="_checkCondition" Value="NAME IS NOT NULL"/>
      <Attr Name="_isCheck" Value="true"/>
    </DesignTime>
    <AttrArray Name="Attributes"/>
  </Key>
  <Key
    Name="SDeptNameRegionIdUk">
    <DesignTime>
      <Attr Name="_isUnique" Value="true"/>
      <Attr Name="_DBObjectName" Value="S_DEPT_NAME_REGION_ID_UK"/>
    </DesignTime>
    <AttrArray Name="Attributes"/>
  </Key>
  <Key
    Name="SysC001360885">
    <DesignTime>
      <Attr Name="_DBObjectName" Value="SYS_C001360885"/>
      <Attr Name="_checkCondition" Value='"ID" IS NOT NULL'/>
      <Attr Name="_isCheck" Value="true"/>
    </DesignTime>
    <AttrArray Name="Attributes"/>
  </Key>
  <Key
    Name="SysC001360886">
    <DesignTime>
      <Attr Name="_DBObjectName" Value="SYS_C001360886"/>
      <Attr Name="_checkCondition" Value='"NAME" IS NOT NULL'/>
      <Attr Name="_isCheck" Value="true"/>
    </DesignTime>
    <AttrArray Name="Attributes"/>
  </Key>
  <Key
    Name="SDeptRegionIdFk">
    <DesignTime>
      <Attr Name="_referencedKey" Value="S_REGION_ID_PK"/>
      <Attr Name="_isForeign" Value="true"/>
      <Attr Name="_DBObjectName" Value="S_DEPT_REGION_ID_FK"/>
    </DesignTime>
    <AttrArray Name="Attributes"/>
  </Key>
</Entity>
