<?xml version="1.0" encoding="windows-1252" ?>
<!DOCTYPE Association SYSTEM "jbo_03_01.dtd">
<!---->
<Association
  xmlns="http://xmlns.oracle.com/bc4j"
  Name="SEmpDeptIdFkAssoc"
  Version="12.1.2.62.39">
  <DesignTime>
    <Attr Name="_isCodegen" Value="true"/>
  </DesignTime>
  <AssociationEnd
    Name="DeptEO"
    Cardinality="1"
    Source="true"
    Owner="oracle.summit.model.controlpostorder.DeptEO">
    <DesignTime>
      <Attr Name="_aggregation" Value="0"/>
      <Attr Name="_finderName" Value="DeptEO"/>
      <Attr Name="_foreignKey"
        Value="oracle.summit.model.controlpostorder.DeptEO.SDeptIdPk"/>
      <Attr Name="_isUpdateable" Value="true"/>
    </DesignTime>
    <AttrArray Name="Attributes">
      <Item Value="oracle.summit.model.controlpostorder.DeptEO.Id"/>
    </AttrArray>
  </AssociationEnd>
  <AssociationEnd
    Name="EmpEO"
    Cardinality="-1"
    Owner="oracle.summit.model.controlpostorder.EmpEO">
    <DesignTime>
      <Attr Name="_aggregation" Value="0"/>
      <Attr Name="_finderName" Value="EmpEO"/>
      <Attr Name="_foreignKey"
        Value="oracle.summit.model.controlpostorder.EmpEO.SEmpDeptIdFk"/>
      <Attr Name="_isUpdateable" Value="true"/>
    </DesignTime>
    <AttrArray Name="Attributes">
      <Item Value="oracle.summit.model.controlpostorder.EmpEO.DeptId"/>
    </AttrArray>
  </AssociationEnd>
</Association>
