{
  "name" : "GPV Interactive Report/Grid to MSExcel",
  "version" : "3.16",
  "description" : "Getting result of your Interactive Report/Grid in Microsoft Excel.",
  "keywords" : ["Intearctive Report", "Interactive Grid","export", "excel", "Report"],
  "homepage" : "http://glebovpavel.github.io/Description_IR_TO_XSLX/",
  "bugs" : {
    "url" : "https://github.com/glebovpavel/IR_TO_XML/issues",
    "email" : "pavelglebov@outlook.com"
  },
  "license" : "MIT",
  "author" : {
    "name" : "Pavel Glebov",
    "email" : "pavelglebov@outlook.com",
    "url" : "https://plus.google.com/117813085088180273298/posts"
  },
  "repository" : {
    "type" : "git",
    "url" : "https://github.com/glebovpavel/IR_to_MSExcel.git"
  },
  "oracle" : {
    "versions" : ["11.2", "12"],
    "apex" : {
      "versions" : ["5.1.3","5.1.4","18.1"],
      "plugin" : {
        "internalName" : "GPV_IR_TO_MSEXCEL",
        "type" : "process",
        "demo" : "https://apex.oracle.com/pls/apex/f?p=35446",
        "previewImage" : "http://cdn.thinglink.me/api/image/586951519002165251/1024/10/scaletowidth#tl-586951519002165251;1043138249"
      }
    }
  }
}